Workbook

Sheet Attacks Log
A1: Player | B1: Boss Level | C1: DMG (M)
A2: Jassy | B2: 1 | C2: 1122.29
A3: CRYBABYx2 | B3: 1 | C3: 4642.76
A4: Jassy | B4: 2 | C4: 349.36
A5: CRYBABYx2 | B5: 2 | C5: 7071.88
A6: Jassy | B6: 3 | C6: 277.56
A7: Jassy | B7: 3 | C7: 614.1
A8: CRYBABYx2 | B8: 3 | C8: 8978.54
A9: Louxis | B9: 3 | C9: 7827.09
A10: CRYBABYx2 | B10: 4 | C10: 6489.82
A11: Jassy | B11: 4 | C11: 226.07
A12: CRYBABYx2 | B12: 4 | C12: 5386.78
A13: Louxis | B13: 4 | C13: 6157.13
... A131: Akagam | B131: 20 | C131: 11084.06

Sheet Summary by Player
A1: Player | B1: Total Attacks | C1: Total DMG (M) | D1: Avg DMG per Attack (M)
A2: Jassy | B2: =COUNTIF('Attacks Log'!A2:A131,A2) -> 14 | C2: =SUMIF('Attacks Log'!A2:A131,A2,'Attacks Log'!C2:C131) -> 9634.26 | D2: =C2/B2 -> 688.16143
A3: CRYBABYx2 | B3: =COUNTIF('Attacks Log'!A2:A131,A3) -> 13 | C3: =SUMIF('Attacks Log'!A2:A131,A3,'Attacks Log'!C2:C131) -> 77364.62 | D3: =C3/B3 -> 5951.1246
A4: Louxis | B4: =COUNTIF('Attacks Log'!A2:A131,A4) -> 11 | C4: =SUMIF('Attacks Log'!A2:A131,A4,'Attacks Log'!C2:C131) -> 104301.78 | D4: =C4/B4 -> 9481.98
A5: Hosted | B5: =COUNTIF('Attacks Log'!A2:A131,A5) -> 14 | C5: =SUMIF('Attacks Log'!A2:A131,A5,'Attacks Log'!C2:C131) -> 114146.31 | D5: =C5/B5 -> 8153.3079
A6: LCN.LuckyToni | B6: =COUNTIF('Attacks Log'!A2:A131,A6) -> 13 | C6: =SUMIF('Attacks Log'!A2:A131,A6,'Attacks Log'!C2:C131) -> 132021.74 | D6: =C6/B6 -> 10155.518
A7: Akagam | B7: =COUNTIF('Attacks Log'!A2:A131,A7) -> 14 | C7: =SUMIF('Attacks Log'!A2:A131,A7,'Attacks Log'!C2:C131) -> 149013.56 | D7: =C7/B7 -> 10643.826
A8: Clou.D.sunny | B8: =COUNTIF('Attacks Log'!A2:A131,A8) -> 14 | C8: =SUMIF('Attacks Log'!A2:A131,A8,'Attacks Log'!C2:C131) -> 260843.37 | D8: =C8/B8 -> 18631.669
A9: MUGIWARA | B9: =COUNTIF('Attacks Log'!A2:A131,A9) -> 13 | C9: =SUMIF('Attacks Log'!A2:A131,A9,'Attacks Log'!C2:C131) -> 444938.88 | D9: =C9/B9 -> 34226.068
A10: SuperBahamas | B10: =COUNTIF('Attacks Log'!A2:A131,A10) -> 13 | C10: =SUMIF('Attacks Log'!A2:A131,A10,'Attacks Log'!C2:C131) -> 460239.49 | D10: =C10/B10 -> 35403.038
A11: LCN.Kim | B11: =COUNTIF('Attacks Log'!A2:A131,A11) -> 11 | C11: =SUMIF('Attacks Log'!A2:A131,A11,'Attacks Log'!C2:C131) -> 83231.72 | D11: =C11/B11 -> 7566.52
A12: TOTAL | B12: =SUM(B2:B11) -> 130 | C12: =SUM(C2:C11) -> 1835735.7

Sheet By Player & Boss
A1: Player | B1: Lv.1 | C1: Lv.2 | D1: Lv.3 | E1: Lv.4 | F1: Lv.5 | G1: Lv.6 | H1: Lv.7 | I1: Lv.8 | J1: Lv.9 | K1: Lv.10 | L1: Lv.11 | M1: Lv.12 | N1: Lv.13 | O1: Lv.14 | P1: Lv.15 | Q1: Lv.16 | R1: Lv.17 | S1: Lv.18 | T1: Lv.19 | U1: Lv.20
A2: Jassy | B2: =IF(COUNTIFS('Attacks Log'!$A$2:$A$131,$A2,'Attacks Log'!$B$2:$B$131,1)=0,"",COUNTIFS('Attacks Log'!$A$2:$A$131,$A2,'Attacks Log'!$B$2:$B$131,1)&"x / "&TEXT(SUMIFS('Attacks Log'!$C$2:$C$131,'Attacks Log'!$A$2:$A$131,$A2,'Attacks Log'!$B$2:$B$131,1),"#,##0")&"M") -> 1x / 1,122M | C2: =IF(COUNTIFS('Attacks Log'!$A$2:$A$131,$A2,'Attacks Log'!$B$2:$B$131,2)=0,"",COUNTIFS('Attacks Log'!$A$2:$A$131,$A2,'Attacks Log'!$B$2:$B$131,2)&"x / "&TEXT(SUMIFS('Attacks Log'!$C$2:$C$131,'Attacks Log'!$A$2:$A$131,$A2,'Attacks Log'!$B$2:$B$131,2),"#,##0")&"M") -> 1x / 349M | D2: =IF(COUNTIFS('Attacks Log'!$A$2:$A$131,$A2,'Attacks Log'!$B$2:$B$131,3)=0,"",COUNTIFS('Attacks Log'!$A$2:$A$131,$A2,'Attacks Log'!$B$2:$B$131,3)&"x / "&TEXT(SUMIFS('Attacks Log'!$C$2:$C$131,'Attacks Log'!$A$2:$A$131,$A2,'Attacks Log'!$B$2:$B$131,3),"#,##0")&"M") -> 2x / 892M | E2: =IF(COUNTIFS('Attacks Log'!$A$2:$A$131,$A2,'Attacks Log'!$B$2:$B$131,4)=0,"",COUNTIFS('Attacks Log'!$A$2:$A$131,$A2,'Attacks Log'!$B$2:$B$131,4)&"x / "&TEXT(SUMIFS('Attacks Log'!$C$2:$C$131,'Attacks Log'!$A$2:$A$131,$A2,'Attacks Log'!$B$2:$B$131,4),"#,##0")&"M") -> 1x / 226M | F2: =IF(COUNTIFS('Attacks Log'!$A$2:$A$131,$A2,'Attacks Log'!$B$2:$B$131,5)=0,"",COUNTIFS('Attacks Log'!$A$2:$A$131,$A2,'Attacks Log'!$B$2:$B$131,5)&"x / "&TEXT(SUMIFS('Attacks Log'!$C$2:$C$131,'Attacks Log'!$A$2:$A$131,$A2,'Attacks Log'!$B$2:$B$131,5),"#,##0")&"M") | G2: =IF(COUNTIFS('Attacks Log'!$A$2:$A$131,$A2,'Attacks Log'!$B$2:$B$131,6)=0,"",COUNTIFS('Attacks Log'!$A$2:$A$131,$A2,'Attacks Log'!$B$2:$B$131,6)&"x / "&TEXT(SUMIFS('Attacks Log'!$C$2:$C$131,'Attacks Log'!$A$2:$A$131,$A2,'Attacks Log'!$B$2:$B$131,6),"#,##0")&"M") | H2: =IF(COUNTIFS('Attacks Log'!$A$2:$A$131,$A2,'Attacks Log'!$B$2:$B$131,7)=0,"",COUNTIFS('Attacks Log'!$A$2:$A$131,$A2,'Attacks Log'!$B$2:$B$131,7)&"x / "&TEXT(SUMIFS('Attacks Log'!$C$2:$C$131,'Attacks Log'!$A$2:$A$131,$A2,'Attacks Log'!$B$2:$B$131,7),"#,##0")&"M") | I2: =IF(COUNTIFS('Attacks Log'!$A$2:$A$131,$A2,'Attacks Log'!$B$2:$B$131,8)=0,"",COUNTIFS('Attacks Log'!$A$2:$A$131,$A2,'Attacks Log'!$B$2:$B$131,8)&"x / "&TEXT(SUMIFS('Attacks Log'!$C$2:$C$131,'Attacks Log'!$A$2:$A$131,$A2,'Attacks Log'!$B$2:$B$131,8),"#,##0")&"M") | J2: =IF(COUNTIFS('Attacks Log'!$A$2:$A$131,$A2,'Attacks Log'!$B$2:$B$131,9)=0,"",COUNTIFS('Attacks Log'!$A$2:$A$131,$A2,'Attacks Log'!$B$2:$B$131,9)&"x / "&TEXT(SUMIFS('Attacks Log'!$C$2:$C$131,'Attacks Log'!$A$2:$A$131,$A2,'Attacks Log'!$B$2:$B$131,9),"#,##0")&"M") | K2: =IF(COUNTIFS('Attacks Log'!$A$2:$A$131,$A2,'Attacks Log'!$B$2:$B$131,10)=0,"",COUNTIFS('Attacks Log'!$A$2:$A$131,$A2,'Attacks Log'!$B$2:$B$131,10)&"x / "&TEXT(SUMIFS('Attacks Log'!$C$2:$C$131,'Attacks Log'!$A$2:$A$131,$A2,'Attacks Log'!$B$2:$B$131,10),"#,##0")&"M") | L2: =IF(COUNTIFS('Attacks Log'!$A$2:$A$131,$A2,'Attacks Log'!$B$2:$B$131,11)=0,"",COUNTIFS('Attacks Log'!$A$2:$A$131,$A2,'Attacks Log'!$B$2:$B$131,11)&"x / "&TEXT(SUMIFS('Attacks Log'!$C$2:$C$131,'Attacks Log'!$A$2:$A$131,$A2,'Attacks Log'!$B$2:$B$131,11),"#,##0")&"M") | M2: =IF(COUNTIFS('Attacks Log'!$A$2:$A$131,$A2,'Attacks Log'!$B$2:$B$131,12)=0,"",COUNTIFS('Attacks Log'!$A$2:$A$131,$A2,'Attacks Log'!$B$2:$B$131,12)&"x / "&TEXT(SUMIFS('Attacks Log'!$C$2:$C$131,'Attacks Log'!$A$2:$A$131,$A2,'Attacks Log'!$B$2:$B$131,12),"#,##0")&"M") | N2: =IF(COUNTIFS('Attacks Log'!$A$2:$A$131,$A2,'Attacks Log'!$B$2:$B$131,13)=0,"",COUNTIFS('Attacks Log'!$A$2:$A$131,$A2,'Attacks Log'!$B$2:$B$131,13)&"x / "&TEXT(SUMIFS('Attacks Log'!$C$2:$C$131,'Attacks Log'!$A$2:$A$131,$A2,'Attacks Log'!$B$2:$B$131,13),"#,##0")&"M") | O2: =IF(COUNTIFS('Attacks Log'!$A$2:$A$131,$A2,'Attacks Log'!$B$2:$B$131,14)=0,"",COUNTIFS('Attacks Log'!$A$2:$A$131,$A2,'Attacks Log'!$B$2:$B$131,14)&"x / "&TEXT(SUMIFS('Attacks Log'!$C$2:$C$131,'Attacks Log'!$A$2:$A$131,$A2,'Attacks Log'!$B$2:$B$131,14),"#,##0")&"M") | P2: =IF(COUNTIFS('Attacks Log'!$A$2:$A$131,$A2,'Attacks Log'!$B$2:$B$131,15)=0,"",COUNTIFS('Attacks Log'!$A$2:$A$131,$A2,'Attacks Log'!$B$2:$B$131,15)&"x / "&TEXT(SUMIFS('Attacks Log'!$C$2:$C$131,'Attacks Log'!$A$2:$A$131,$A2,'Attacks Log'!$B$2:$B$131,15),"#,##0")&"M") -> 1x / 128M | Q2: =IF(COUNTIFS('Attacks Log'!$A$2:$A$131,$A2,'Attacks Log'!$B$2:$B$131,16)=0,"",COUNTIFS('Attacks Log'!$A$2:$A$131,$A2,'Attacks Log'!$B$2:$B$131,16)&"x / "&TEXT(SUMIFS('Attacks Log'!$C$2:$C$131,'Attacks Log'!$A$2:$A$131,$A2,'Attacks Log'!$B$2:$B$131,16),"#,##0")&"M") -> 1x / 144M | R2: =IF(COUNTIFS('Attacks Log'!$A$2:$A$131,$A2,'Attacks Log'!$B$2:$B$131,17)=0,"",COUNTIFS('Attacks Log'!$A$2:$A$131,$A2,'Attacks Log'!$B$2:$B$131,17)&"x / "&TEXT(SUMIFS('Attacks Log'!$C$2:$C$131,'Attacks Log'!$A$2:$A$131,$A2,'Attacks Log'!$B$2:$B$131,17),"#,##0")&"M") -> 1x / 302M | S2: =IF(COUNTIFS('Attacks Log'!$A$2:$A$131,$A2,'Attacks Log'!$B$2:$B$131,18)=0,"",COUNTIFS('Attacks Log'!$A$2:$A$131,$A2,'Attacks Log'!$B$2:$B$131,18)&"x / "&TEXT(SUMIFS('Attacks Log'!$C$2:$C$131,'Attacks Log'!$A$2:$A$131,$A2,'Attacks Log'!$B$2:$B$131,18),"#,##0")&"M") -> 1x / 73M | T2: =IF(COUNTIFS('Attacks Log'!$A$2:$A$131,$A2,'Attacks Log'!$B$2:$B$131,19)=0,"",COUNTIFS('Attacks Log'!$A$2:$A$131,$A2,'Attacks Log'!$B$2:$B$131,19)&"x / "&TEXT(SUMIFS('Attacks Log'!$C$2:$C$131,'Attacks Log'!$A$2:$A$131,$A2,'Attacks Log'!$B$2:$B$131,19),"#,##0")&"M") -> 3x / 4,179M | U2: =IF(COUNTIFS('Attacks Log'!$A$2:$A$131,$A2,'Attacks Log'!$B$2:$B$131,20)=0,"",COUNTIFS('Attacks Log'!$A$2:$A$131,$A2,'Attacks Log'!$B$2:$B$131,20)&"x / "&TEXT(SUMIFS('Attacks Log'!$C$2:$C$131,'Attacks Log'!$A$2:$A$131,$A2,'Attacks Log'!$B$2:$B$131,20),"#,##0")&"M") -> 2x / 2,218M
A3: CRYBABYx2 | B3: =IF(COUNTIFS('Attacks Log'!$A$2:$A$131,$A3,'Attacks Log'!$B$2:$B$131,1)=0,"",COUNTIFS('Attacks Log'!$A$2:$A$131,$A3,'Attacks Log'!$B$2:$B$131,1)&"x / "&TEXT(SUMIFS('Attacks Log'!$C$2:$C$131,'Attacks Log'!$A$2:$A$131,$A3,'Attacks Log'!$B$2:$B$131,1),"#,##0")&"M") -> 1x / 4,643M | C3: =IF(COUNTIFS('Attacks Log'!$A$2:$A$131,$A3,'Attacks Log'!$B$2:$B$131,2)=0,"",COUNTIFS('Attacks Log'!$A$2:$A$131,$A3,'Attacks Log'!$B$2:$B$131,2)&"x / "&TEXT(SUMIFS('Attacks Log'!$C$2:$C$131,'Attacks Log'!$A$2:$A$131,$A3,'Attacks Log'!$B$2:$B$131,2),"#,##0")&"M") -> 1x / 7,072M | D3: =IF(COUNTIFS('Attacks Log'!$A$2:$A$131,$A3,'Attacks Log'!$B$2:$B$131,3)=0,"",COUNTIFS('Attacks Log'!$A$2:$A$131,$A3,'Attacks Log'!$B$2:$B$131,3)&"x / "&TEXT(SUMIFS('Attacks Log'!$C$2:$C$131,'Attacks Log'!$A$2:$A$131,$A3,'Attacks Log'!$B$2:$B$131,3),"#,##0")&"M") -> 1x / 8,979M | E3: =IF(COUNTIFS('Attacks Log'!$A$2:$A$131,$A3,'Attacks Log'!$B$2:$B$131,4)=0,"",COUNTIFS('Attacks Log'!$A$2:$A$131,$A3,'Attacks Log'!$B$2:$B$131,4)&"x / "&TEXT(SUMIFS('Attacks Log'!$C$2:$C$131,'Attacks Log'!$A$2:$A$131,$A3,'Attacks Log'!$B$2:$B$131,4),"#,##0")&"M") -> 2x / 11,877M | F3: =IF(COUNTIFS('Attacks Log'!$A$2:$A$131,$A3,'Attacks Log'!$B$2:$B$131,5)=0,"",COUNTIFS('Attacks Log'!$A$2:$A$131,$A3,'Attacks Log'!$B$2:$B$131,5)&"x / "&TEXT(SUMIFS('Attacks Log'!$C$2:$C$131,'Attacks Log'!$A$2:$A$131,$A3,'Attacks Log'!$B$2:$B$131,5),"#,##0")&"M") | G3: =IF(COUNTIFS('Attacks Log'!$A$2:$A$131,$A3,'Attacks Log'!$B$2:$B$131,6)=0,"",COUNTIFS('Attacks Log'!$A$2:$A$131,$A3,'Attacks Log'!$B$2:$B$131,6)&"x / "&TEXT(SUMIFS('Attacks Log'!$C$2:$C$131,'Attacks Log'!$A$2:$A$131,$A3,'Attacks Log'!$B$2:$B$131,6),"#,##0")&"M") | H3: =IF(COUNTIFS('Attacks Log'!$A$2:$A$131,$A3,'Attacks Log'!$B$2:$B$131,7)=0,"",COUNTIFS('Attacks Log'!$A$2:$A$131,$A3,'Attacks Log'!$B$2:$B$131,7)&"x / "&TEXT(SUMIFS('Attacks Log'!$C$2:$C$131,'Attacks Log'!$A$2:$A$131,$A3,'Attacks Log'!$B$2:$B$131,7),"#,##0")&"M") | I3: =IF(COUNTIFS('Attacks Log'!$A$2:$A$131,$A3,'Attacks Log'!$B$2:$B$131,8)=0,"",COUNTIFS('Attacks Log'!$A$2:$A$131,$A3,'Attacks Log'!$B$2:$B$131,8)&"x / "&TEXT(SUMIFS('Attacks Log'!$C$2:$C$131,'Attacks Log'!$A$2:$A$131,$A3,'Attacks Log'!$B$2:$B$131,8),"#,##0")&"M") | J3: =IF(COUNTIFS('Attacks Log'!$A$2:$A$131,$A3,'Attacks Log'!$B$2:$B$131,9)=0,"",COUNTIFS('Attacks Log'!$A$2:$A$131,$A3,'Attacks Log'!$B$2:$B$131,9)&"x / "&TEXT(SUMIFS('Attacks Log'!$C$2:$C$131,'Attacks Log'!$A$2:$A$131,$A3,'Attacks Log'!$B$2:$B$131,9),"#,##0")&"M") | K3: =IF(COUNTIFS('Attacks Log'!$A$2:$A$131,$A3,'Attacks Log'!$B$2:$B$131,10)=0,"",COUNTIFS('Attacks Log'!$A$2:$A$131,$A3,'Attacks Log'!$B$2:$B$131,10)&"x / "&TEXT(SUMIFS('Attacks Log'!$C$2:$C$131,'Attacks Log'!$A$2:$A$131,$A3,'Attacks Log'!$B$2:$B$131,10),"#,##0")&"M") | L3: =IF(COUNTIFS('Attacks Log'!$A$2:$A$131,$A3,'Attacks Log'!$B$2:$B$131,11)=0,"",COUNTIFS('Attacks Log'!$A$2:$A$131,$A3,'Attacks Log'!$B$2:$B$131,11)&"x / "&TEXT(SUMIFS('Attacks Log'!$C$2:$C$131,'Attacks Log'!$A$2:$A$131,$A3,'Attacks Log'!$B$2:$B$131,11),"#,##0")&"M") | M3: =IF(COUNTIFS('Attacks Log'!$A$2:$A$131,$A3,'Attacks Log'!$B$2:$B$131,12)=0,"",COUNTIFS('Attacks Log'!$A$2:$A$131,$A3,'Attacks Log'!$B$2:$B$131,12)&"x / "&TEXT(SUMIFS('Attacks Log'!$C$2:$C$131,'Attacks Log'!$A$2:$A$131,$A3,'Attacks Log'!$B$2:$B$131,12),"#,##0")&"M") | N3: =IF(COUNTIFS('Attacks Log'!$A$2:$A$131,$A3,'Attacks Log'!$B$2:$B$131,13)=0,"",COUNTIFS('Attacks Log'!$A$2:$A$131,$A3,'Attacks Log'!$B$2:$B$131,13)&"x / "&TEXT(SUMIFS('Attacks Log'!$C$2:$C$131,'Attacks Log'!$A$2:$A$131,$A3,'Attacks Log'!$B$2:$B$131,13),"#,##0")&"M") | O3: =IF(COUNTIFS('Attacks Log'!$A$2:$A$131,$A3,'Attacks Log'!$B$2:$B$131,14)=0,"",COUNTIFS('Attacks Log'!$A$2:$A$131,$A3,'Attacks Log'!$B$2:$B$131,14)&"x / "&TEXT(SUMIFS('Attacks Log'!$C$2:$C$131,'Attacks Log'!$A$2:$A$131,$A3,'Attacks Log'!$B$2:$B$131,14),"#,##0")&"M") -> 1x / 5,811M | P3: =IF(COUNTIFS('Attacks Log'!$A$2:$A$131,$A3,'Attacks Log'!$B$2:$B$131,15)=0,"",COUNTIFS('Attacks Log'!$A$2:$A$131,$A3,'Attacks Log'!$B$2:$B$131,15)&"x / "&TEXT(SUMIFS('Attacks Log'!$C$2:$C$131,'Attacks Log'!$A$2:$A$131,$A3,'Attacks Log'!$B$2:$B$131,15),"#,##0")&"M") | Q3: =IF(COUNTIFS('Attacks Log'!$A$2:$A$131,$A3,'Attacks Log'!$B$2:$B$131,16)=0,"",COUNTIFS('Attacks Log'!$A$2:$A$131,$A3,'Attacks Log'!$B$2:$B$131,16)&"x / "&TEXT(SUMIFS('Attacks Log'!$C$2:$C$131,'Attacks Log'!$A$2:$A$131,$A3,'Attacks Log'!$B$2:$B$131,16),"#,##0")&"M") -> 1x / 4,434M | R3: =IF(COUNTIFS('Attacks Log'!$A$2:$A$131,$A3,'Attacks Log'!$B$2:$B$131,17)=0,"",COUNTIFS('Attacks Log'!$A$2:$A$131,$A3,'Attacks Log'!$B$2:$B$131,17)&"x / "&TEXT(SUMIFS('Attacks Log'!$C$2:$C$131,'Attacks Log'!$A$2:$A$131,$A3,'Attacks Log'!$B$2:$B$131,17),"#,##0")&"M") -> 1x / 5,879M | S3: =IF(COUNTIFS('Attacks Log'!$A$2:$A$131,$A3,'Attacks Log'!$B$2:$B$131,18)=0,"",COUNTIFS('Attacks Log'!$A$2:$A$131,$A3,'Attacks Log'!$B$2:$B$131,18)&"x / "&TEXT(SUMIFS('Attacks Log'!$C$2:$C$131,'Attacks Log'!$A$2:$A$131,$A3,'Attacks Log'!$B$2:$B$131,18),"#,##0")&"M") -> 2x / 10,412M | T3: =IF(COUNTIFS('Attacks Log'!$A$2:$A$131,$A3,'Attacks Log'!$B$2:$B$131,19)=0,"",COUNTIFS('Attacks Log'!$A$2:$A$131,$A3,'Attacks Log'!$B$2:$B$131,19)&"x / "&TEXT(SUMIFS('Attacks Log'!$C$2:$C$131,'Attacks Log'!$A$2:$A$131,$A3,'Attacks Log'!$B$2:$B$131,19),"#,##0")&"M") -> 1x / 5,232M | U3: =IF(COUNTIFS('Attacks Log'!$A$2:$A$131,$A3,'Attacks Log'!$B$2:$B$131,20)=0,"",COUNTIFS('Attacks Log'!$A$2:$A$131,$A3,'Attacks Log'!$B$2:$B$131,20)&"x / "&TEXT(SUMIFS('Attacks Log'!$C$2:$C$131,'Attacks Log'!$A$2:$A$131,$A3,'Attacks Log'!$B$2:$B$131,20),"#,##0")&"M") -> 2x / 13,026M
A4: Louxis | B4: =IF(COUNTIFS('Attacks Log'!$A$2:$A$131,$A4,'Attacks Log'!$B$2:$B$131,1)=0,"",COUNTIFS('Attacks Log'!$A$2:$A$131,$A4,'Attacks Log'!$B$2:$B$131,1)&"x / "&TEXT(SUMIFS('Attacks Log'!$C$2:$C$131,'Attacks Log'!$A$2:$A$131,$A4,'Attacks Log'!$B$2:$B$131,1),"#,##0")&"M") | C4: =IF(COUNTIFS('Attacks Log'!$A$2:$A$131,$A4,'Attacks Log'!$B$2:$B$131,2)=0,"",COUNTIFS('Attacks Log'!$A$2:$A$131,$A4,'Attacks Log'!$B$2:$B$131,2)&"x / "&TEXT(SUMIFS('Attacks Log'!$C$2:$C$131,'Attacks Log'!$A$2:$A$131,$A4,'Attacks Log'!$B$2:$B$131,2),"#,##0")&"M") | D4: =IF(COUNTIFS('Attacks Log'!$A$2:$A$131,$A4,'Attacks Log'!$B$2:$B$131,3)=0,"",COUNTIFS('Attacks Log'!$A$2:$A$131,$A4,'Attacks Log'!$B$2:$B$131,3)&"x / "&TEXT(SUMIFS('Attacks Log'!$C$2:$C$131,'Attacks Log'!$A$2:$A$131,$A4,'Attacks Log'!$B$2:$B$131,3),"#,##0")&"M") -> 1x / 7,827M | E4: =IF(COUNTIFS('Attacks Log'!$A$2:$A$131,$A4,'Attacks Log'!$B$2:$B$131,4)=0,"",COUNTIFS('Attacks Log'!$A$2:$A$131,$A4,'Attacks Log'!$B$2:$B$131,4)&"x / "&TEXT(SUMIFS('Attacks Log'!$C$2:$C$131,'Attacks Log'!$A$2:$A$131,$A4,'Attacks Log'!$B$2:$B$131,4),"#,##0")&"M") -> 1x / 6,157M | F4: =IF(COUNTIFS('Attacks Log'!$A$2:$A$131,$A4,'Attacks Log'!$B$2:$B$131,5)=0,"",COUNTIFS('Attacks Log'!$A$2:$A$131,$A4,'Attacks Log'!$B$2:$B$131,5)&"x / "&TEXT(SUMIFS('Attacks Log'!$C$2:$C$131,'Attacks Log'!$A$2:$A$131,$A4,'Attacks Log'!$B$2:$B$131,5),"#,##0")&"M") -> 2x / 16,725M | G4: =IF(COUNTIFS('Attacks Log'!$A$2:$A$131,$A4,'Attacks Log'!$B$2:$B$131,6)=0,"",COUNTIFS('Attacks Log'!$A$2:$A$131,$A4,'Attacks Log'!$B$2:$B$131,6)&"x / "&TEXT(SUMIFS('Attacks Log'!$C$2:$C$131,'Attacks Log'!$A$2:$A$131,$A4,'Attacks Log'!$B$2:$B$131,6),"#,##0")&"M") | H4: =IF(COUNTIFS('Attacks Log'!$A$2:$A$131,$A4,'Attacks Log'!$B$2:$B$131,7)=0,"",COUNTIFS('Attacks Log'!$A$2:$A$131,$A4,'Attacks Log'!$B$2:$B$131,7)&"x / "&TEXT(SUMIFS('Attacks Log'!$C$2:$C$131,'Attacks Log'!$A$2:$A$131,$A4,'Attacks Log'!$B$2:$B$131,7),"#,##0")&"M") -> 1x / 7,293M | I4: =IF(COUNTIFS('Attacks Log'!$A$2:$A$131,$A4,'Attacks Log'!$B$2:$B$131,8)=0,"",COUNTIFS('Attacks Log'!$A$2:$A$131,$A4,'Attacks Log'!$B$2:$B$131,8)&"x / "&TEXT(SUMIFS('Attacks Log'!$C$2:$C$131,'Attacks Log'!$A$2:$A$131,$A4,'Attacks Log'!$B$2:$B$131,8),"#,##0")&"M") | J4: =IF(COUNTIFS('Attacks Log'!$A$2:$A$131,$A4,'Attacks Log'!$B$2:$B$131,9)=0,"",COUNTIFS('Attacks Log'!$A$2:$A$131,$A4,'Attacks Log'!$B$2:$B$131,9)&"x / "&TEXT(SUMIFS('Attacks Log'!$C$2:$C$131,'Attacks Log'!$A$2:$A$131,$A4,'Attacks Log'!$B$2:$B$131,9),"#,##0")&"M") | K4: =IF(COUNTIFS('Attacks Log'!$A$2:$A$131,$A4,'Attacks Log'!$B$2:$B$131,10)=0,"",COUNTIFS('Attacks Log'!$A$2:$A$131,$A4,'Attacks Log'!$B$2:$B$131,10)&"x / "&TEXT(SUMIFS('Attacks Log'!$C$2:$C$131,'Attacks Log'!$A$2:$A$131,$A4,'Attacks Log'!$B$2:$B$131,10),"#,##0")&"M") | L4: =IF(COUNTIFS('Attacks Log'!$A$2:$A$131,$A4,'Attacks Log'!$B$2:$B$131,11)=0,"",COUNTIFS('Attacks Log'!$A$2:$A$131,$A4,'Attacks Log'!$B$2:$B$131,11)&"x / "&TEXT(SUMIFS('Attacks Log'!$C$2:$C$131,'Attacks Log'!$A$2:$A$131,$A4,'Attacks Log'!$B$2:$B$131,11),"#,##0")&"M") | M4: =IF(COUNTIFS('Attacks Log'!$A$2:$A$131,$A4,'Attacks Log'!$B$2:$B$131,12)=0,"",COUNTIFS('Attacks Log'!$A$2:$A$131,$A4,'Attacks Log'!$B$2:$B$131,12)&"x / "&TEXT(SUMIFS('Attacks Log'!$C$2:$C$131,'Attacks Log'!$A$2:$A$131,$A4,'Attacks Log'!$B$2:$B$131,12),"#,##0")&"M") | N4: =IF(COUNTIFS('Attacks Log'!$A$2:$A$131,$A4,'Attacks Log'!$B$2:$B$131,13)=0,"",COUNTIFS('Attacks Log'!$A$2:$A$131,$A4,'Attacks Log'!$B$2:$B$131,13)&"x / "&TEXT(SUMIFS('Attacks Log'!$C$2:$C$131,'Attacks Log'!$A$2:$A$131,$A4,'Attacks Log'!$B$2:$B$131,13),"#,##0")&"M") | O4: =IF(COUNTIFS('Attacks Log'!$A$2:$A$131,$A4,'Attacks Log'!$B$2:$B$131,14)=0,"",COUNTIFS('Attacks Log'!$A$2:$A$131,$A4,'Attacks Log'!$B$2:$B$131,14)&"x / "&TEXT(SUMIFS('Attacks Log'!$C$2:$C$131,'Attacks Log'!$A$2:$A$131,$A4,'Attacks Log'!$B$2:$B$131,14),"#,##0")&"M") | P4: =IF(COUNTIFS('Attacks Log'!$A$2:$A$131,$A4,'Attacks Log'!$B$2:$B$131,15)=0,"",COUNTIFS('Attacks Log'!$A$2:$A$131,$A4,'Attacks Log'!$B$2:$B$131,15)&"x / "&TEXT(SUMIFS('Attacks Log'!$C$2:$C$131,'Attacks Log'!$A$2:$A$131,$A4,'Attacks Log'!$B$2:$B$131,15),"#,##0")&"M") -> 1x / 14,076M | Q4: =IF(COUNTIFS('Attacks Log'!$A$2:$A$131,$A4,'Attacks Log'!$B$2:$B$131,16)=0,"",COUNTIFS('Attacks Log'!$A$2:$A$131,$A4,'Attacks Log'!$B$2:$B$131,16)&"x / "&TEXT(SUMIFS('Attacks Log'!$C$2:$C$131,'Attacks Log'!$A$2:$A$131,$A4,'Attacks Log'!$B$2:$B$131,16),"#,##0")&"M") | R4: =IF(COUNTIFS('Attacks Log'!$A$2:$A$131,$A4,'Attacks Log'!$B$2:$B$131,17)=0,"",COUNTIFS('Attacks Log'!$A$2:$A$131,$A4,'Attacks Log'!$B$2:$B$131,17)&"x / "&TEXT(SUMIFS('Attacks Log'!$C$2:$C$131,'Attacks Log'!$A$2:$A$131,$A4,'Attacks Log'!$B$2:$B$131,17),"#,##0")&"M") -> 1x / 11,785M | S4: =IF(COUNTIFS('Attacks Log'!$A$2:$A$131,$A4,'Attacks Log'!$B$2:$B$131,18)=0,"",COUNTIFS('Attacks Log'!$A$2:$A$131,$A4,'Attacks Log'!$B$2:$B$131,18)&"x / "&TEXT(SUMIFS('Attacks Log'!$C$2:$C$131,'Attacks Log'!$A$2:$A$131,$A4,'Attacks Log'!$B$2:$B$131,18),"#,##0")&"M") -> 2x / 19,258M | T4: =IF(COUNTIFS('Attacks Log'!$A$2:$A$131,$A4,'Attacks Log'!$B$2:$B$131,19)=0,"",COUNTIFS('Attacks Log'!$A$2:$A$131,$A4,'Attacks Log'!$B$2:$B$131,19)&"x / "&TEXT(SUMIFS('Attacks Log'!$C$2:$C$131,'Attacks Log'!$A$2:$A$131,$A4,'Attacks Log'!$B$2:$B$131,19),"#,##0")&"M") -> 1x / 9,743M | U4: =IF(COUNTIFS('Attacks Log'!$A$2:$A$131,$A4,'Attacks Log'!$B$2:$B$131,20)=0,"",COUNTIFS('Attacks Log'!$A$2:$A$131,$A4,'Attacks Log'!$B$2:$B$131,20)&"x / "&TEXT(SUMIFS('Attacks Log'!$C$2:$C$131,'Attacks Log'!$A$2:$A$131,$A4,'Attacks Log'!$B$2:$B$131,20),"#,##0")&"M") -> 1x / 11,437M
A5: Hosted | B5: =IF(COUNTIFS('Attacks Log'!$A$2:$A$131,$A5,'Attacks Log'!$B$2:$B$131,1)=0,"",COUNTIFS('Attacks Log'!$A$2:$A$131,$A5,'Attacks Log'!$B$2:$B$131,1)&"x / "&TEXT(SUMIFS('Attacks Log'!$C$2:$C$131,'Attacks Log'!$A$2:$A$131,$A5,'Attacks Log'!$B$2:$B$131,1),"#,##0")&"M") | C5: =IF(COUNTIFS('Attacks Log'!$A$2:$A$131,$A5,'Attacks Log'!$B$2:$B$131,2)=0,"",COUNTIFS('Attacks Log'!$A$2:$A$131,$A5,'Attacks Log'!$B$2:$B$131,2)&"x / "&TEXT(SUMIFS('Attacks Log'!$C$2:$C$131,'Attacks Log'!$A$2:$A$131,$A5,'Attacks Log'!$B$2:$B$131,2),"#,##0")&"M") | D5: =IF(COUNTIFS('Attacks Log'!$A$2:$A$131,$A5,'Attacks Log'!$B$2:$B$131,3)=0,"",COUNTIFS('Attacks Log'!$A$2:$A$131,$A5,'Attacks Log'!$B$2:$B$131,3)&"x / "&TEXT(SUMIFS('Attacks Log'!$C$2:$C$131,'Attacks Log'!$A$2:$A$131,$A5,'Attacks Log'!$B$2:$B$131,3),"#,##0")&"M") | E5: =IF(COUNTIFS('Attacks Log'!$A$2:$A$131,$A5,'Attacks Log'!$B$2:$B$131,4)=0,"",COUNTIFS('Attacks Log'!$A$2:$A$131,$A5,'Attacks Log'!$B$2:$B$131,4)&"x / "&TEXT(SUMIFS('Attacks Log'!$C$2:$C$131,'Attacks Log'!$A$2:$A$131,$A5,'Attacks Log'!$B$2:$B$131,4),"#,##0")&"M") | F5: =IF(COUNTIFS('Attacks Log'!$A$2:$A$131,$A5,'Attacks Log'!$B$2:$B$131,5)=0,"",COUNTIFS('Attacks Log'!$A$2:$A$131,$A5,'Attacks Log'!$B$2:$B$131,5)&"x / "&TEXT(SUMIFS('Attacks Log'!$C$2:$C$131,'Attacks Log'!$A$2:$A$131,$A5,'Attacks Log'!$B$2:$B$131,5),"#,##0")&"M") -> 2x / 13,094M | G5: =IF(COUNTIFS('Attacks Log'!$A$2:$A$131,$A5,'Attacks Log'!$B$2:$B$131,6)=0,"",COUNTIFS('Attacks Log'!$A$2:$A$131,$A5,'Attacks Log'!$B$2:$B$131,6)&"x / "&TEXT(SUMIFS('Attacks Log'!$C$2:$C$131,'Attacks Log'!$A$2:$A$131,$A5,'Attacks Log'!$B$2:$B$131,6),"#,##0")&"M") -> 2x / 16,456M | H5: =IF(COUNTIFS('Attacks Log'!$A$2:$A$131,$A5,'Attacks Log'!$B$2:$B$131,7)=0,"",COUNTIFS('Attacks Log'!$A$2:$A$131,$A5,'Attacks Log'!$B$2:$B$131,7)&"x / "&TEXT(SUMIFS('Attacks Log'!$C$2:$C$131,'Attacks Log'!$A$2:$A$131,$A5,'Attacks Log'!$B$2:$B$131,7),"#,##0")&"M") -> 1x / 4,386M | I5: =IF(COUNTIFS('Attacks Log'!$A$2:$A$131,$A5,'Attacks Log'!$B$2:$B$131,8)=0,"",COUNTIFS('Attacks Log'!$A$2:$A$131,$A5,'Attacks Log'!$B$2:$B$131,8)&"x / "&TEXT(SUMIFS('Attacks Log'!$C$2:$C$131,'Attacks Log'!$A$2:$A$131,$A5,'Attacks Log'!$B$2:$B$131,8),"#,##0")&"M") | J5: =IF(COUNTIFS('Attacks Log'!$A$2:$A$131,$A5,'Attacks Log'!$B$2:$B$131,9)=0,"",COUNTIFS('Attacks Log'!$A$2:$A$131,$A5,'Attacks Log'!$B$2:$B$131,9)&"x / "&TEXT(SUMIFS('Attacks Log'!$C$2:$C$131,'Attacks Log'!$A$2:$A$131,$A5,'Attacks Log'!$B$2:$B$131,9),"#,##0")&"M") | K5: =IF(COUNTIFS('Attacks Log'!$A$2:$A$131,$A5,'Attacks Log'!$B$2:$B$131,10)=0,"",COUNTIFS('Attacks Log'!$A$2:$A$131,$A5,'Attacks Log'!$B$2:$B$131,10)&"x / "&TEXT(SUMIFS('Attacks Log'!$C$2:$C$131,'Attacks Log'!$A$2:$A$131,$A5,'Attacks Log'!$B$2:$B$131,10),"#,##0")&"M") | L5: =IF(COUNTIFS('Attacks Log'!$A$2:$A$131,$A5,'Attacks Log'!$B$2:$B$131,11)=0,"",COUNTIFS('Attacks Log'!$A$2:$A$131,$A5,'Attacks Log'!$B$2:$B$131,11)&"x / "&TEXT(SUMIFS('Attacks Log'!$C$2:$C$131,'Attacks Log'!$A$2:$A$131,$A5,'Attacks Log'!$B$2:$B$131,11),"#,##0")&"M") | M5: =IF(COUNTIFS('Attacks Log'!$A$2:$A$131,$A5,'Attacks Log'!$B$2:$B$131,12)=0,"",COUNTIFS('Attacks Log'!$A$2:$A$131,$A5,'Attacks Log'!$B$2:$B$131,12)&"x / "&TEXT(SUMIFS('Attacks Log'!$C$2:$C$131,'Attacks Log'!$A$2:$A$131,$A5,'Attacks Log'!$B$2:$B$131,12),"#,##0")&"M") | N5: =IF(COUNTIFS('Attacks Log'!$A$2:$A$131,$A5,'Attacks Log'!$B$2:$B$131,13)=0,"",COUNTIFS('Attacks Log'!$A$2:$A$131,$A5,'Attacks Log'!$B$2:$B$131,13)&"x / "&TEXT(SUMIFS('Attacks Log'!$C$2:$C$131,'Attacks Log'!$A$2:$A$131,$A5,'Attacks Log'!$B$2:$B$131,13),"#,##0")&"M") | O5: =IF(COUNTIFS('Attacks Log'!$A$2:$A$131,$A5,'Attacks Log'!$B$2:$B$131,14)=0,"",COUNTIFS('Attacks Log'!$A$2:$A$131,$A5,'Attacks Log'!$B$2:$B$131,14)&"x / "&TEXT(SUMIFS('Attacks Log'!$C$2:$C$131,'Attacks Log'!$A$2:$A$131,$A5,'Attacks Log'!$B$2:$B$131,14),"#,##0")&"M") | P5: =IF(COUNTIFS('Attacks Log'!$A$2:$A$131,$A5,'Attacks Log'!$B$2:$B$131,15)=0,"",COUNTIFS('Attacks Log'!$A$2:$A$131,$A5,'Attacks Log'!$B$2:$B$131,15)&"x / "&TEXT(SUMIFS('Attacks Log'!$C$2:$C$131,'Attacks Log'!$A$2:$A$131,$A5,'Attacks Log'!$B$2:$B$131,15),"#,##0")&"M") -> 1x / 8,028M | Q5: =IF(COUNTIFS('Attacks Log'!$A$2:$A$131,$A5,'Attacks Log'!$B$2:$B$131,16)=0,"",COUNTIFS('Attacks Log'!$A$2:$A$131,$A5,'Attacks Log'!$B$2:$B$131,16)&"x / "&TEXT(SUMIFS('Attacks Log'!$C$2:$C$131,'Attacks Log'!$A$2:$A$131,$A5,'Attacks Log'!$B$2:$B$131,16),"#,##0")&"M") | R5: =IF(COUNTIFS('Attacks Log'!$A$2:$A$131,$A5,'Attacks Log'!$B$2:$B$131,17)=0,"",COUNTIFS('Attacks Log'!$A$2:$A$131,$A5,'Attacks Log'!$B$2:$B$131,17)&"x / "&TEXT(SUMIFS('Attacks Log'!$C$2:$C$131,'Attacks Log'!$A$2:$A$131,$A5,'Attacks Log'!$B$2:$B$131,17),"#,##0")&"M") -> 1x / 9,715M | S5: =IF(COUNTIFS('Attacks Log'!$A$2:$A$131,$A5,'Attacks Log'!$B$2:$B$131,18)=0,"",COUNTIFS('Attacks Log'!$A$2:$A$131,$A5,'Attacks Log'!$B$2:$B$131,18)&"x / "&TEXT(SUMIFS('Attacks Log'!$C$2:$C$131,'Attacks Log'!$A$2:$A$131,$A5,'Attacks Log'!$B$2:$B$131,18),"#,##0")&"M") -> 1x / 4,804M | T5: =IF(COUNTIFS('Attacks Log'!$A$2:$A$131,$A5,'Attacks Log'!$B$2:$B$131,19)=0,"",COUNTIFS('Attacks Log'!$A$2:$A$131,$A5,'Attacks Log'!$B$2:$B$131,19)&"x / "&TEXT(SUMIFS('Attacks Log'!$C$2:$C$131,'Attacks Log'!$A$2:$A$131,$A5,'Attacks Log'!$B$2:$B$131,19),"#,##0")&"M") -> 2x / 20,375M | U5: =IF(COUNTIFS('Attacks Log'!$A$2:$A$131,$A5,'Attacks Log'!$B$2:$B$131,20)=0,"",COUNTIFS('Attacks Log'!$A$2:$A$131,$A5,'Attacks Log'!$B$2:$B$131,20)&"x / "&TEXT(SUMIFS('Attacks Log'!$C$2:$C$131,'Attacks Log'!$A$2:$A$131,$A5,'Attacks Log'!$B$2:$B$131,20),"#,##0")&"M") -> 4x / 37,289M
A6: LCN.LuckyToni | B6: =IF(COUNTIFS('Attacks Log'!$A$2:$A$131,$A6,'Attacks Log'!$B$2:$B$131,1)=0,"",COUNTIFS('Attacks Log'!$A$2:$A$131,$A6,'Attacks Log'!$B$2:$B$131,1)&"x / "&TEXT(SUMIFS('Attacks Log'!$C$2:$C$131,'Attacks Log'!$A$2:$A$131,$A6,'Attacks Log'!$B$2:$B$131,1),"#,##0")&"M") | C6: =IF(COUNTIFS('Attacks Log'!$A$2:$A$131,$A6,'Attacks Log'!$B$2:$B$131,2)=0,"",COUNTIFS('Attacks Log'!$A$2:$A$131,$A6,'Attacks Log'!$B$2:$B$131,2)&"x / "&TEXT(SUMIFS('Attacks Log'!$C$2:$C$131,'Attacks Log'!$A$2:$A$131,$A6,'Attacks Log'!$B$2:$B$131,2),"#,##0")&"M") | D6: =IF(COUNTIFS('Attacks Log'!$A$2:$A$131,$A6,'Attacks Log'!$B$2:$B$131,3)=0,"",COUNTIFS('Attacks Log'!$A$2:$A$131,$A6,'Attacks Log'!$B$2:$B$131,3)&"x / "&TEXT(SUMIFS('Attacks Log'!$C$2:$C$131,'Attacks Log'!$A$2:$A$131,$A6,'Attacks Log'!$B$2:$B$131,3),"#,##0")&"M") | E6: =IF(COUNTIFS('Attacks Log'!$A$2:$A$131,$A6,'Attacks Log'!$B$2:$B$131,4)=0,"",COUNTIFS('Attacks Log'!$A$2:$A$131,$A6,'Attacks Log'!$B$2:$B$131,4)&"x / "&TEXT(SUMIFS('Attacks Log'!$C$2:$C$131,'Attacks Log'!$A$2:$A$131,$A6,'Attacks Log'!$B$2:$B$131,4),"#,##0")&"M") | F6: =IF(COUNTIFS('Attacks Log'!$A$2:$A$131,$A6,'Attacks Log'!$B$2:$B$131,5)=0,"",COUNTIFS('Attacks Log'!$A$2:$A$131,$A6,'Attacks Log'!$B$2:$B$131,5)&"x / "&TEXT(SUMIFS('Attacks Log'!$C$2:$C$131,'Attacks Log'!$A$2:$A$131,$A6,'Attacks Log'!$B$2:$B$131,5),"#,##0")&"M") | G6: =IF(COUNTIFS('Attacks Log'!$A$2:$A$131,$A6,'Attacks Log'!$B$2:$B$131,6)=0,"",COUNTIFS('Attacks Log'!$A$2:$A$131,$A6,'Attacks Log'!$B$2:$B$131,6)&"x / "&TEXT(SUMIFS('Attacks Log'!$C$2:$C$131,'Attacks Log'!$A$2:$A$131,$A6,'Attacks Log'!$B$2:$B$131,6),"#,##0")&"M") -> 2x / 14,760M | H6: =IF(COUNTIFS('Attacks Log'!$A$2:$A$131,$A6,'Attacks Log'!$B$2:$B$131,7)=0,"",COUNTIFS('Attacks Log'!$A$2:$A$131,$A6,'Attacks Log'!$B$2:$B$131,7)&"x / "&TEXT(SUMIFS('Attacks Log'!$C$2:$C$131,'Attacks Log'!$A$2:$A$131,$A6,'Attacks Log'!$B$2:$B$131,7),"#,##0")&"M") -> 1x / 8,102M | I6: =IF(COUNTIFS('Attacks Log'!$A$2:$A$131,$A6,'Attacks Log'!$B$2:$B$131,8)=0,"",COUNTIFS('Attacks Log'!$A$2:$A$131,$A6,'Attacks Log'!$B$2:$B$131,8)&"x / "&TEXT(SUMIFS('Attacks Log'!$C$2:$C$131,'Attacks Log'!$A$2:$A$131,$A6,'Attacks Log'!$B$2:$B$131,8),"#,##0")&"M") -> 2x / 20,324M | J6: =IF(COUNTIFS('Attacks Log'!$A$2:$A$131,$A6,'Attacks Log'!$B$2:$B$131,9)=0,"",COUNTIFS('Attacks Log'!$A$2:$A$131,$A6,'Attacks Log'!$B$2:$B$131,9)&"x / "&TEXT(SUMIFS('Attacks Log'!$C$2:$C$131,'Attacks Log'!$A$2:$A$131,$A6,'Attacks Log'!$B$2:$B$131,9),"#,##0")&"M") | K6: =IF(COUNTIFS('Attacks Log'!$A$2:$A$131,$A6,'Attacks Log'!$B$2:$B$131,10)=0,"",COUNTIFS('Attacks Log'!$A$2:$A$131,$A6,'Attacks Log'!$B$2:$B$131,10)&"x / "&TEXT(SUMIFS('Attacks Log'!$C$2:$C$131,'Attacks Log'!$A$2:$A$131,$A6,'Attacks Log'!$B$2:$B$131,10),"#,##0")&"M") | L6: =IF(COUNTIFS('Attacks Log'!$A$2:$A$131,$A6,'Attacks Log'!$B$2:$B$131,11)=0,"",COUNTIFS('Attacks Log'!$A$2:$A$131,$A6,'Attacks Log'!$B$2:$B$131,11)&"x / "&TEXT(SUMIFS('Attacks Log'!$C$2:$C$131,'Attacks Log'!$A$2:$A$131,$A6,'Attacks Log'!$B$2:$B$131,11),"#,##0")&"M") | M6: =IF(COUNTIFS('Attacks Log'!$A$2:$A$131,$A6,'Attacks Log'!$B$2:$B$131,12)=0,"",COUNTIFS('Attacks Log'!$A$2:$A$131,$A6,'Attacks Log'!$B$2:$B$131,12)&"x / "&TEXT(SUMIFS('Attacks Log'!$C$2:$C$131,'Attacks Log'!$A$2:$A$131,$A6,'Attacks Log'!$B$2:$B$131,12),"#,##0")&"M") | N6: =IF(COUNTIFS('Attacks Log'!$A$2:$A$131,$A6,'Attacks Log'!$B$2:$B$131,13)=0,"",COUNTIFS('Attacks Log'!$A$2:$A$131,$A6,'Attacks Log'!$B$2:$B$131,13)&"x / "&TEXT(SUMIFS('Attacks Log'!$C$2:$C$131,'Attacks Log'!$A$2:$A$131,$A6,'Attacks Log'!$B$2:$B$131,13),"#,##0")&"M") | O6: =IF(COUNTIFS('Attacks Log'!$A$2:$A$131,$A6,'Attacks Log'!$B$2:$B$131,14)=0,"",COUNTIFS('Attacks Log'!$A$2:$A$131,$A6,'Attacks Log'!$B$2:$B$131,14)&"x / "&TEXT(SUMIFS('Attacks Log'!$C$2:$C$131,'Attacks Log'!$A$2:$A$131,$A6,'Attacks Log'!$B$2:$B$131,14),"#,##0")&"M") | P6: =IF(COUNTIFS('Attacks Log'!$A$2:$A$131,$A6,'Attacks Log'!$B$2:$B$131,15)=0,"",COUNTIFS('Attacks Log'!$A$2:$A$131,$A6,'Attacks Log'!$B$2:$B$131,15)&"x / "&TEXT(SUMIFS('Attacks Log'!$C$2:$C$131,'Attacks Log'!$A$2:$A$131,$A6,'Attacks Log'!$B$2:$B$131,15),"#,##0")&"M") -> 1x / 12,573M | Q6: =IF(COUNTIFS('Attacks Log'!$A$2:$A$131,$A6,'Attacks Log'!$B$2:$B$131,16)=0,"",COUNTIFS('Attacks Log'!$A$2:$A$131,$A6,'Attacks Log'!$B$2:$B$131,16)&"x / "&TEXT(SUMIFS('Attacks Log'!$C$2:$C$131,'Attacks Log'!$A$2:$A$131,$A6,'Attacks Log'!$B$2:$B$131,16),"#,##0")&"M") -> 1x / 9,727M | R6: =IF(COUNTIFS('Attacks Log'!$A$2:$A$131,$A6,'Attacks Log'!$B$2:$B$131,17)=0,"",COUNTIFS('Attacks Log'!$A$2:$A$131,$A6,'Attacks Log'!$B$2:$B$131,17)&"x / "&TEXT(SUMIFS('Attacks Log'!$C$2:$C$131,'Attacks Log'!$A$2:$A$131,$A6,'Attacks Log'!$B$2:$B$131,17),"#,##0")&"M") -> 2x / 21,216M | S6: =IF(COUNTIFS('Attacks Log'!$A$2:$A$131,$A6,'Attacks Log'!$B$2:$B$131,18)=0,"",COUNTIFS('Attacks Log'!$A$2:$A$131,$A6,'Attacks Log'!$B$2:$B$131,18)&"x / "&TEXT(SUMIFS('Attacks Log'!$C$2:$C$131,'Attacks Log'!$A$2:$A$131,$A6,'Attacks Log'!$B$2:$B$131,18),"#,##0")&"M") -> 1x / 11,306M | T6: =IF(COUNTIFS('Attacks Log'!$A$2:$A$131,$A6,'Attacks Log'!$B$2:$B$131,19)=0,"",COUNTIFS('Attacks Log'!$A$2:$A$131,$A6,'Attacks Log'!$B$2:$B$131,19)&"x / "&TEXT(SUMIFS('Attacks Log'!$C$2:$C$131,'Attacks Log'!$A$2:$A$131,$A6,'Attacks Log'!$B$2:$B$131,19),"#,##0")&"M") -> 2x / 22,100M | U6: =IF(COUNTIFS('Attacks Log'!$A$2:$A$131,$A6,'Attacks Log'!$B$2:$B$131,20)=0,"",COUNTIFS('Attacks Log'!$A$2:$A$131,$A6,'Attacks Log'!$B$2:$B$131,20)&"x / "&TEXT(SUMIFS('Attacks Log'!$C$2:$C$131,'Attacks Log'!$A$2:$A$131,$A6,'Attacks Log'!$B$2:$B$131,20),"#,##0")&"M") -> 1x / 11,914M
A7: Akagam | B7: =IF(COUNTIFS('Attacks Log'!$A$2:$A$131,$A7,'Attacks Log'!$B$2:$B$131,1)=0,"",COUNTIFS('Attacks Log'!$A$2:$A$131,$A7,'Attacks Log'!$B$2:$B$131,1)&"x / "&TEXT(SUMIFS('Attacks Log'!$C$2:$C$131,'Attacks Log'!$A$2:$A$131,$A7,'Attacks Log'!$B$2:$B$131,1),"#,##0")&"M") | C7: =IF(COUNTIFS('Attacks Log'!$A$2:$A$131,$A7,'Attacks Log'!$B$2:$B$131,2)=0,"",COUNTIFS('Attacks Log'!$A$2:$A$131,$A7,'Attacks Log'!$B$2:$B$131,2)&"x / "&TEXT(SUMIFS('Attacks Log'!$C$2:$C$131,'Attacks Log'!$A$2:$A$131,$A7,'Attacks Log'!$B$2:$B$131,2),"#,##0")&"M") | D7: =IF(COUNTIFS('Attacks Log'!$A$2:$A$131,$A7,'Attacks Log'!$B$2:$B$131,3)=0,"",COUNTIFS('Attacks Log'!$A$2:$A$131,$A7,'Attacks Log'!$B$2:$B$131,3)&"x / "&TEXT(SUMIFS('Attacks Log'!$C$2:$C$131,'Attacks Log'!$A$2:$A$131,$A7,'Attacks Log'!$B$2:$B$131,3),"#,##0")&"M") | E7: =IF(COUNTIFS('Attacks Log'!$A$2:$A$131,$A7,'Attacks Log'!$B$2:$B$131,4)=0,"",COUNTIFS('Attacks Log'!$A$2:$A$131,$A7,'Attacks Log'!$B$2:$B$131,4)&"x / "&TEXT(SUMIFS('Attacks Log'!$C$2:$C$131,'Attacks Log'!$A$2:$A$131,$A7,'Attacks Log'!$B$2:$B$131,4),"#,##0")&"M") | F7: =IF(COUNTIFS('Attacks Log'!$A$2:$A$131,$A7,'Attacks Log'!$B$2:$B$131,5)=0,"",COUNTIFS('Attacks Log'!$A$2:$A$131,$A7,'Attacks Log'!$B$2:$B$131,5)&"x / "&TEXT(SUMIFS('Attacks Log'!$C$2:$C$131,'Attacks Log'!$A$2:$A$131,$A7,'Attacks Log'!$B$2:$B$131,5),"#,##0")&"M") | G7: =IF(COUNTIFS('Attacks Log'!$A$2:$A$131,$A7,'Attacks Log'!$B$2:$B$131,6)=0,"",COUNTIFS('Attacks Log'!$A$2:$A$131,$A7,'Attacks Log'!$B$2:$B$131,6)&"x / "&TEXT(SUMIFS('Attacks Log'!$C$2:$C$131,'Attacks Log'!$A$2:$A$131,$A7,'Attacks Log'!$B$2:$B$131,6),"#,##0")&"M") | H7: =IF(COUNTIFS('Attacks Log'!$A$2:$A$131,$A7,'Attacks Log'!$B$2:$B$131,7)=0,"",COUNTIFS('Attacks Log'!$A$2:$A$131,$A7,'Attacks Log'!$B$2:$B$131,7)&"x / "&TEXT(SUMIFS('Attacks Log'!$C$2:$C$131,'Attacks Log'!$A$2:$A$131,$A7,'Attacks Log'!$B$2:$B$131,7),"#,##0")&"M") -> 2x / 19,735M | I7: =IF(COUNTIFS('Attacks Log'!$A$2:$A$131,$A7,'Attacks Log'!$B$2:$B$131,8)=0,"",COUNTIFS('Attacks Log'!$A$2:$A$131,$A7,'Attacks Log'!$B$2:$B$131,8)&"x / "&TEXT(SUMIFS('Attacks Log'!$C$2:$C$131,'Attacks Log'!$A$2:$A$131,$A7,'Attacks Log'!$B$2:$B$131,8),"#,##0")&"M") | J7: =IF(COUNTIFS('Attacks Log'!$A$2:$A$131,$A7,'Attacks Log'!$B$2:$B$131,9)=0,"",COUNTIFS('Attacks Log'!$A$2:$A$131,$A7,'Attacks Log'!$B$2:$B$131,9)&"x / "&TEXT(SUMIFS('Attacks Log'!$C$2:$C$131,'Attacks Log'!$A$2:$A$131,$A7,'Attacks Log'!$B$2:$B$131,9),"#,##0")&"M") -> 2x / 22,392M | K7: =IF(COUNTIFS('Attacks Log'!$A$2:$A$131,$A7,'Attacks Log'!$B$2:$B$131,10)=0,"",COUNTIFS('Attacks Log'!$A$2:$A$131,$A7,'Attacks Log'!$B$2:$B$131,10)&"x / "&TEXT(SUMIFS('Attacks Log'!$C$2:$C$131,'Attacks Log'!$A$2:$A$131,$A7,'Attacks Log'!$B$2:$B$131,10),"#,##0")&"M") -> 1x / 8,445M | L7: =IF(COUNTIFS('Attacks Log'!$A$2:$A$131,$A7,'Attacks Log'!$B$2:$B$131,11)=0,"",COUNTIFS('Attacks Log'!$A$2:$A$131,$A7,'Attacks Log'!$B$2:$B$131,11)&"x / "&TEXT(SUMIFS('Attacks Log'!$C$2:$C$131,'Attacks Log'!$A$2:$A$131,$A7,'Attacks Log'!$B$2:$B$131,11),"#,##0")&"M") | M7: =IF(COUNTIFS('Attacks Log'!$A$2:$A$131,$A7,'Attacks Log'!$B$2:$B$131,12)=0,"",COUNTIFS('Attacks Log'!$A$2:$A$131,$A7,'Attacks Log'!$B$2:$B$131,12)&"x / "&TEXT(SUMIFS('Attacks Log'!$C$2:$C$131,'Attacks Log'!$A$2:$A$131,$A7,'Attacks Log'!$B$2:$B$131,12),"#,##0")&"M") | N7: =IF(COUNTIFS('Attacks Log'!$A$2:$A$131,$A7,'Attacks Log'!$B$2:$B$131,13)=0,"",COUNTIFS('Attacks Log'!$A$2:$A$131,$A7,'Attacks Log'!$B$2:$B$131,13)&"x / "&TEXT(SUMIFS('Attacks Log'!$C$2:$C$131,'Attacks Log'!$A$2:$A$131,$A7,'Attacks Log'!$B$2:$B$131,13),"#,##0")&"M") | O7: =IF(COUNTIFS('Attacks Log'!$A$2:$A$131,$A7,'Attacks Log'!$B$2:$B$131,14)=0,"",COUNTIFS('Attacks Log'!$A$2:$A$131,$A7,'Attacks Log'!$B$2:$B$131,14)&"x / "&TEXT(SUMIFS('Attacks Log'!$C$2:$C$131,'Attacks Log'!$A$2:$A$131,$A7,'Attacks Log'!$B$2:$B$131,14),"#,##0")&"M") | P7: =IF(COUNTIFS('Attacks Log'!$A$2:$A$131,$A7,'Attacks Log'!$B$2:$B$131,15)=0,"",COUNTIFS('Attacks Log'!$A$2:$A$131,$A7,'Attacks Log'!$B$2:$B$131,15)&"x / "&TEXT(SUMIFS('Attacks Log'!$C$2:$C$131,'Attacks Log'!$A$2:$A$131,$A7,'Attacks Log'!$B$2:$B$131,15),"#,##0")&"M") | Q7: =IF(COUNTIFS('Attacks Log'!$A$2:$A$131,$A7,'Attacks Log'!$B$2:$B$131,16)=0,"",COUNTIFS('Attacks Log'!$A$2:$A$131,$A7,'Attacks Log'!$B$2:$B$131,16)&"x / "&TEXT(SUMIFS('Attacks Log'!$C$2:$C$131,'Attacks Log'!$A$2:$A$131,$A7,'Attacks Log'!$B$2:$B$131,16),"#,##0")&"M") -> 2x / 21,462M | R7: =IF(COUNTIFS('Attacks Log'!$A$2:$A$131,$A7,'Attacks Log'!$B$2:$B$131,17)=0,"",COUNTIFS('Attacks Log'!$A$2:$A$131,$A7,'Attacks Log'!$B$2:$B$131,17)&"x / "&TEXT(SUMIFS('Attacks Log'!$C$2:$C$131,'Attacks Log'!$A$2:$A$131,$A7,'Attacks Log'!$B$2:$B$131,17),"#,##0")&"M") -> 1x / 18,029M | S7: =IF(COUNTIFS('Attacks Log'!$A$2:$A$131,$A7,'Attacks Log'!$B$2:$B$131,18)=0,"",COUNTIFS('Attacks Log'!$A$2:$A$131,$A7,'Attacks Log'!$B$2:$B$131,18)&"x / "&TEXT(SUMIFS('Attacks Log'!$C$2:$C$131,'Attacks Log'!$A$2:$A$131,$A7,'Attacks Log'!$B$2:$B$131,18),"#,##0")&"M") | T7: =IF(COUNTIFS('Attacks Log'!$A$2:$A$131,$A7,'Attacks Log'!$B$2:$B$131,19)=0,"",COUNTIFS('Attacks Log'!$A$2:$A$131,$A7,'Attacks Log'!$B$2:$B$131,19)&"x / "&TEXT(SUMIFS('Attacks Log'!$C$2:$C$131,'Attacks Log'!$A$2:$A$131,$A7,'Attacks Log'!$B$2:$B$131,19),"#,##0")&"M") -> 3x / 25,904M | U7: =IF(COUNTIFS('Attacks Log'!$A$2:$A$131,$A7,'Attacks Log'!$B$2:$B$131,20)=0,"",COUNTIFS('Attacks Log'!$A$2:$A$131,$A7,'Attacks Log'!$B$2:$B$131,20)&"x / "&TEXT(SUMIFS('Attacks Log'!$C$2:$C$131,'Attacks Log'!$A$2:$A$131,$A7,'Attacks Log'!$B$2:$B$131,20),"#,##0")&"M") -> 3x / 33,047M
A8: Clou.D.sunny | B8: =IF(COUNTIFS('Attacks Log'!$A$2:$A$131,$A8,'Attacks Log'!$B$2:$B$131,1)=0,"",COUNTIFS('Attacks Log'!$A$2:$A$131,$A8,'Attacks Log'!$B$2:$B$131,1)&"x / "&TEXT(SUMIFS('Attacks Log'!$C$2:$C$131,'Attacks Log'!$A$2:$A$131,$A8,'Attacks Log'!$B$2:$B$131,1),"#,##0")&"M") | C8: =IF(COUNTIFS('Attacks Log'!$A$2:$A$131,$A8,'Attacks Log'!$B$2:$B$131,2)=0,"",COUNTIFS('Attacks Log'!$A$2:$A$131,$A8,'Attacks Log'!$B$2:$B$131,2)&"x / "&TEXT(SUMIFS('Attacks Log'!$C$2:$C$131,'Attacks Log'!$A$2:$A$131,$A8,'Attacks Log'!$B$2:$B$131,2),"#,##0")&"M") | D8: =IF(COUNTIFS('Attacks Log'!$A$2:$A$131,$A8,'Attacks Log'!$B$2:$B$131,3)=0,"",COUNTIFS('Attacks Log'!$A$2:$A$131,$A8,'Attacks Log'!$B$2:$B$131,3)&"x / "&TEXT(SUMIFS('Attacks Log'!$C$2:$C$131,'Attacks Log'!$A$2:$A$131,$A8,'Attacks Log'!$B$2:$B$131,3),"#,##0")&"M") | E8: =IF(COUNTIFS('Attacks Log'!$A$2:$A$131,$A8,'Attacks Log'!$B$2:$B$131,4)=0,"",COUNTIFS('Attacks Log'!$A$2:$A$131,$A8,'Attacks Log'!$B$2:$B$131,4)&"x / "&TEXT(SUMIFS('Attacks Log'!$C$2:$C$131,'Attacks Log'!$A$2:$A$131,$A8,'Attacks Log'!$B$2:$B$131,4),"#,##0")&"M") | F8: =IF(COUNTIFS('Attacks Log'!$A$2:$A$131,$A8,'Attacks Log'!$B$2:$B$131,5)=0,"",COUNTIFS('Attacks Log'!$A$2:$A$131,$A8,'Attacks Log'!$B$2:$B$131,5)&"x / "&TEXT(SUMIFS('Attacks Log'!$C$2:$C$131,'Attacks Log'!$A$2:$A$131,$A8,'Attacks Log'!$B$2:$B$131,5),"#,##0")&"M") | G8: =IF(COUNTIFS('Attacks Log'!$A$2:$A$131,$A8,'Attacks Log'!$B$2:$B$131,6)=0,"",COUNTIFS('Attacks Log'!$A$2:$A$131,$A8,'Attacks Log'!$B$2:$B$131,6)&"x / "&TEXT(SUMIFS('Attacks Log'!$C$2:$C$131,'Attacks Log'!$A$2:$A$131,$A8,'Attacks Log'!$B$2:$B$131,6),"#,##0")&"M") | H8: =IF(COUNTIFS('Attacks Log'!$A$2:$A$131,$A8,'Attacks Log'!$B$2:$B$131,7)=0,"",COUNTIFS('Attacks Log'!$A$2:$A$131,$A8,'Attacks Log'!$B$2:$B$131,7)&"x / "&TEXT(SUMIFS('Attacks Log'!$C$2:$C$131,'Attacks Log'!$A$2:$A$131,$A8,'Attacks Log'!$B$2:$B$131,7),"#,##0")&"M") | I8: =IF(COUNTIFS('Attacks Log'!$A$2:$A$131,$A8,'Attacks Log'!$B$2:$B$131,8)=0,"",COUNTIFS('Attacks Log'!$A$2:$A$131,$A8,'Attacks Log'!$B$2:$B$131,8)&"x / "&TEXT(SUMIFS('Attacks Log'!$C$2:$C$131,'Attacks Log'!$A$2:$A$131,$A8,'Attacks Log'!$B$2:$B$131,8),"#,##0")&"M") -> 1x / 21,580M | J8: =IF(COUNTIFS('Attacks Log'!$A$2:$A$131,$A8,'Attacks Log'!$B$2:$B$131,9)=0,"",COUNTIFS('Attacks Log'!$A$2:$A$131,$A8,'Attacks Log'!$B$2:$B$131,9)&"x / "&TEXT(SUMIFS('Attacks Log'!$C$2:$C$131,'Attacks Log'!$A$2:$A$131,$A8,'Attacks Log'!$B$2:$B$131,9),"#,##0")&"M") -> 1x / 14,712M | K8: =IF(COUNTIFS('Attacks Log'!$A$2:$A$131,$A8,'Attacks Log'!$B$2:$B$131,10)=0,"",COUNTIFS('Attacks Log'!$A$2:$A$131,$A8,'Attacks Log'!$B$2:$B$131,10)&"x / "&TEXT(SUMIFS('Attacks Log'!$C$2:$C$131,'Attacks Log'!$A$2:$A$131,$A8,'Attacks Log'!$B$2:$B$131,10),"#,##0")&"M") -> 1x / 5,567M | L8: =IF(COUNTIFS('Attacks Log'!$A$2:$A$131,$A8,'Attacks Log'!$B$2:$B$131,11)=0,"",COUNTIFS('Attacks Log'!$A$2:$A$131,$A8,'Attacks Log'!$B$2:$B$131,11)&"x / "&TEXT(SUMIFS('Attacks Log'!$C$2:$C$131,'Attacks Log'!$A$2:$A$131,$A8,'Attacks Log'!$B$2:$B$131,11),"#,##0")&"M") | M8: =IF(COUNTIFS('Attacks Log'!$A$2:$A$131,$A8,'Attacks Log'!$B$2:$B$131,12)=0,"",COUNTIFS('Attacks Log'!$A$2:$A$131,$A8,'Attacks Log'!$B$2:$B$131,12)&"x / "&TEXT(SUMIFS('Attacks Log'!$C$2:$C$131,'Attacks Log'!$A$2:$A$131,$A8,'Attacks Log'!$B$2:$B$131,12),"#,##0")&"M") -> 1x / 8,463M | N8: =IF(COUNTIFS('Attacks Log'!$A$2:$A$131,$A8,'Attacks Log'!$B$2:$B$131,13)=0,"",COUNTIFS('Attacks Log'!$A$2:$A$131,$A8,'Attacks Log'!$B$2:$B$131,13)&"x / "&TEXT(SUMIFS('Attacks Log'!$C$2:$C$131,'Attacks Log'!$A$2:$A$131,$A8,'Attacks Log'!$B$2:$B$131,13),"#,##0")&"M") -> 1x / 17,793M | O8: =IF(COUNTIFS('Attacks Log'!$A$2:$A$131,$A8,'Attacks Log'!$B$2:$B$131,14)=0,"",COUNTIFS('Attacks Log'!$A$2:$A$131,$A8,'Attacks Log'!$B$2:$B$131,14)&"x / "&TEXT(SUMIFS('Attacks Log'!$C$2:$C$131,'Attacks Log'!$A$2:$A$131,$A8,'Attacks Log'!$B$2:$B$131,14),"#,##0")&"M") -> 1x / 9,517M | P8: =IF(COUNTIFS('Attacks Log'!$A$2:$A$131,$A8,'Attacks Log'!$B$2:$B$131,15)=0,"",COUNTIFS('Attacks Log'!$A$2:$A$131,$A8,'Attacks Log'!$B$2:$B$131,15)&"x / "&TEXT(SUMIFS('Attacks Log'!$C$2:$C$131,'Attacks Log'!$A$2:$A$131,$A8,'Attacks Log'!$B$2:$B$131,15),"#,##0")&"M") -> 1x / 20,074M | Q8: =IF(COUNTIFS('Attacks Log'!$A$2:$A$131,$A8,'Attacks Log'!$B$2:$B$131,16)=0,"",COUNTIFS('Attacks Log'!$A$2:$A$131,$A8,'Attacks Log'!$B$2:$B$131,16)&"x / "&TEXT(SUMIFS('Attacks Log'!$C$2:$C$131,'Attacks Log'!$A$2:$A$131,$A8,'Attacks Log'!$B$2:$B$131,16),"#,##0")&"M") -> 1x / 545M | R8: =IF(COUNTIFS('Attacks Log'!$A$2:$A$131,$A8,'Attacks Log'!$B$2:$B$131,17)=0,"",COUNTIFS('Attacks Log'!$A$2:$A$131,$A8,'Attacks Log'!$B$2:$B$131,17)&"x / "&TEXT(SUMIFS('Attacks Log'!$C$2:$C$131,'Attacks Log'!$A$2:$A$131,$A8,'Attacks Log'!$B$2:$B$131,17),"#,##0")&"M") -> 1x / 31,598M | S8: =IF(COUNTIFS('Attacks Log'!$A$2:$A$131,$A8,'Attacks Log'!$B$2:$B$131,18)=0,"",COUNTIFS('Attacks Log'!$A$2:$A$131,$A8,'Attacks Log'!$B$2:$B$131,18)&"x / "&TEXT(SUMIFS('Attacks Log'!$C$2:$C$131,'Attacks Log'!$A$2:$A$131,$A8,'Attacks Log'!$B$2:$B$131,18),"#,##0")&"M") -> 1x / 30,082M | T8: =IF(COUNTIFS('Attacks Log'!$A$2:$A$131,$A8,'Attacks Log'!$B$2:$B$131,19)=0,"",COUNTIFS('Attacks Log'!$A$2:$A$131,$A8,'Attacks Log'!$B$2:$B$131,19)&"x / "&TEXT(SUMIFS('Attacks Log'!$C$2:$C$131,'Attacks Log'!$A$2:$A$131,$A8,'Attacks Log'!$B$2:$B$131,19),"#,##0")&"M") -> 2x / 56,671M | U8: =IF(COUNTIFS('Attacks Log'!$A$2:$A$131,$A8,'Attacks Log'!$B$2:$B$131,20)=0,"",COUNTIFS('Attacks Log'!$A$2:$A$131,$A8,'Attacks Log'!$B$2:$B$131,20)&"x / "&TEXT(SUMIFS('Attacks Log'!$C$2:$C$131,'Attacks Log'!$A$2:$A$131,$A8,'Attacks Log'!$B$2:$B$131,20),"#,##0")&"M") -> 2x / 44,243M
A9: MUGIWARA | B9: =IF(COUNTIFS('Attacks Log'!$A$2:$A$131,$A9,'Attacks Log'!$B$2:$B$131,1)=0,"",COUNTIFS('Attacks Log'!$A$2:$A$131,$A9,'Attacks Log'!$B$2:$B$131,1)&"x / "&TEXT(SUMIFS('Attacks Log'!$C$2:$C$131,'Attacks Log'!$A$2:$A$131,$A9,'Attacks Log'!$B$2:$B$131,1),"#,##0")&"M") | C9: =IF(COUNTIFS('Attacks Log'!$A$2:$A$131,$A9,'Attacks Log'!$B$2:$B$131,2)=0,"",COUNTIFS('Attacks Log'!$A$2:$A$131,$A9,'Attacks Log'!$B$2:$B$131,2)&"x / "&TEXT(SUMIFS('Attacks Log'!$C$2:$C$131,'Attacks Log'!$A$2:$A$131,$A9,'Attacks Log'!$B$2:$B$131,2),"#,##0")&"M") | D9: =IF(COUNTIFS('Attacks Log'!$A$2:$A$131,$A9,'Attacks Log'!$B$2:$B$131,3)=0,"",COUNTIFS('Attacks Log'!$A$2:$A$131,$A9,'Attacks Log'!$B$2:$B$131,3)&"x / "&TEXT(SUMIFS('Attacks Log'!$C$2:$C$131,'Attacks Log'!$A$2:$A$131,$A9,'Attacks Log'!$B$2:$B$131,3),"#,##0")&"M") | E9: =IF(COUNTIFS('Attacks Log'!$A$2:$A$131,$A9,'Attacks Log'!$B$2:$B$131,4)=0,"",COUNTIFS('Attacks Log'!$A$2:$A$131,$A9,'Attacks Log'!$B$2:$B$131,4)&"x / "&TEXT(SUMIFS('Attacks Log'!$C$2:$C$131,'Attacks Log'!$A$2:$A$131,$A9,'Attacks Log'!$B$2:$B$131,4),"#,##0")&"M") | F9: =IF(COUNTIFS('Attacks Log'!$A$2:$A$131,$A9,'Attacks Log'!$B$2:$B$131,5)=0,"",COUNTIFS('Attacks Log'!$A$2:$A$131,$A9,'Attacks Log'!$B$2:$B$131,5)&"x / "&TEXT(SUMIFS('Attacks Log'!$C$2:$C$131,'Attacks Log'!$A$2:$A$131,$A9,'Attacks Log'!$B$2:$B$131,5),"#,##0")&"M") | G9: =IF(COUNTIFS('Attacks Log'!$A$2:$A$131,$A9,'Attacks Log'!$B$2:$B$131,6)=0,"",COUNTIFS('Attacks Log'!$A$2:$A$131,$A9,'Attacks Log'!$B$2:$B$131,6)&"x / "&TEXT(SUMIFS('Attacks Log'!$C$2:$C$131,'Attacks Log'!$A$2:$A$131,$A9,'Attacks Log'!$B$2:$B$131,6),"#,##0")&"M") | H9: =IF(COUNTIFS('Attacks Log'!$A$2:$A$131,$A9,'Attacks Log'!$B$2:$B$131,7)=0,"",COUNTIFS('Attacks Log'!$A$2:$A$131,$A9,'Attacks Log'!$B$2:$B$131,7)&"x / "&TEXT(SUMIFS('Attacks Log'!$C$2:$C$131,'Attacks Log'!$A$2:$A$131,$A9,'Attacks Log'!$B$2:$B$131,7),"#,##0")&"M") | I9: =IF(COUNTIFS('Attacks Log'!$A$2:$A$131,$A9,'Attacks Log'!$B$2:$B$131,8)=0,"",COUNTIFS('Attacks Log'!$A$2:$A$131,$A9,'Attacks Log'!$B$2:$B$131,8)&"x / "&TEXT(SUMIFS('Attacks Log'!$C$2:$C$131,'Attacks Log'!$A$2:$A$131,$A9,'Attacks Log'!$B$2:$B$131,8),"#,##0")&"M") | J9: =IF(COUNTIFS('Attacks Log'!$A$2:$A$131,$A9,'Attacks Log'!$B$2:$B$131,9)=0,"",COUNTIFS('Attacks Log'!$A$2:$A$131,$A9,'Attacks Log'!$B$2:$B$131,9)&"x / "&TEXT(SUMIFS('Attacks Log'!$C$2:$C$131,'Attacks Log'!$A$2:$A$131,$A9,'Attacks Log'!$B$2:$B$131,9),"#,##0")&"M") | K9: =IF(COUNTIFS('Attacks Log'!$A$2:$A$131,$A9,'Attacks Log'!$B$2:$B$131,10)=0,"",COUNTIFS('Attacks Log'!$A$2:$A$131,$A9,'Attacks Log'!$B$2:$B$131,10)&"x / "&TEXT(SUMIFS('Attacks Log'!$C$2:$C$131,'Attacks Log'!$A$2:$A$131,$A9,'Attacks Log'!$B$2:$B$131,10),"#,##0")&"M") -> 1x / 36,197M | L9: =IF(COUNTIFS('Attacks Log'!$A$2:$A$131,$A9,'Attacks Log'!$B$2:$B$131,11)=0,"",COUNTIFS('Attacks Log'!$A$2:$A$131,$A9,'Attacks Log'!$B$2:$B$131,11)&"x / "&TEXT(SUMIFS('Attacks Log'!$C$2:$C$131,'Attacks Log'!$A$2:$A$131,$A9,'Attacks Log'!$B$2:$B$131,11),"#,##0")&"M") -> 1x / 37,907M | M9: =IF(COUNTIFS('Attacks Log'!$A$2:$A$131,$A9,'Attacks Log'!$B$2:$B$131,12)=0,"",COUNTIFS('Attacks Log'!$A$2:$A$131,$A9,'Attacks Log'!$B$2:$B$131,12)&"x / "&TEXT(SUMIFS('Attacks Log'!$C$2:$C$131,'Attacks Log'!$A$2:$A$131,$A9,'Attacks Log'!$B$2:$B$131,12),"#,##0")&"M") -> 1x / 29,628M | N9: =IF(COUNTIFS('Attacks Log'!$A$2:$A$131,$A9,'Attacks Log'!$B$2:$B$131,13)=0,"",COUNTIFS('Attacks Log'!$A$2:$A$131,$A9,'Attacks Log'!$B$2:$B$131,13)&"x / "&TEXT(SUMIFS('Attacks Log'!$C$2:$C$131,'Attacks Log'!$A$2:$A$131,$A9,'Attacks Log'!$B$2:$B$131,13),"#,##0")&"M") -> 2x / 39,510M | O9: =IF(COUNTIFS('Attacks Log'!$A$2:$A$131,$A9,'Attacks Log'!$B$2:$B$131,14)=0,"",COUNTIFS('Attacks Log'!$A$2:$A$131,$A9,'Attacks Log'!$B$2:$B$131,14)&"x / "&TEXT(SUMIFS('Attacks Log'!$C$2:$C$131,'Attacks Log'!$A$2:$A$131,$A9,'Attacks Log'!$B$2:$B$131,14),"#,##0")&"M") | P9: =IF(COUNTIFS('Attacks Log'!$A$2:$A$131,$A9,'Attacks Log'!$B$2:$B$131,15)=0,"",COUNTIFS('Attacks Log'!$A$2:$A$131,$A9,'Attacks Log'!$B$2:$B$131,15)&"x / "&TEXT(SUMIFS('Attacks Log'!$C$2:$C$131,'Attacks Log'!$A$2:$A$131,$A9,'Attacks Log'!$B$2:$B$131,15),"#,##0")&"M") -> 1x / 46,153M | Q9: =IF(COUNTIFS('Attacks Log'!$A$2:$A$131,$A9,'Attacks Log'!$B$2:$B$131,16)=0,"",COUNTIFS('Attacks Log'!$A$2:$A$131,$A9,'Attacks Log'!$B$2:$B$131,16)&"x / "&TEXT(SUMIFS('Attacks Log'!$C$2:$C$131,'Attacks Log'!$A$2:$A$131,$A9,'Attacks Log'!$B$2:$B$131,16),"#,##0")&"M") -> 1x / 34,792M | R9: =IF(COUNTIFS('Attacks Log'!$A$2:$A$131,$A9,'Attacks Log'!$B$2:$B$131,17)=0,"",COUNTIFS('Attacks Log'!$A$2:$A$131,$A9,'Attacks Log'!$B$2:$B$131,17)&"x / "&TEXT(SUMIFS('Attacks Log'!$C$2:$C$131,'Attacks Log'!$A$2:$A$131,$A9,'Attacks Log'!$B$2:$B$131,17),"#,##0")&"M") -> 1x / 33,520M | S9: =IF(COUNTIFS('Attacks Log'!$A$2:$A$131,$A9,'Attacks Log'!$B$2:$B$131,18)=0,"",COUNTIFS('Attacks Log'!$A$2:$A$131,$A9,'Attacks Log'!$B$2:$B$131,18)&"x / "&TEXT(SUMIFS('Attacks Log'!$C$2:$C$131,'Attacks Log'!$A$2:$A$131,$A9,'Attacks Log'!$B$2:$B$131,18),"#,##0")&"M") -> 1x / 38,779M | T9: =IF(COUNTIFS('Attacks Log'!$A$2:$A$131,$A9,'Attacks Log'!$B$2:$B$131,19)=0,"",COUNTIFS('Attacks Log'!$A$2:$A$131,$A9,'Attacks Log'!$B$2:$B$131,19)&"x / "&TEXT(SUMIFS('Attacks Log'!$C$2:$C$131,'Attacks Log'!$A$2:$A$131,$A9,'Attacks Log'!$B$2:$B$131,19),"#,##0")&"M") -> 2x / 70,180M | U9: =IF(COUNTIFS('Attacks Log'!$A$2:$A$131,$A9,'Attacks Log'!$B$2:$B$131,20)=0,"",COUNTIFS('Attacks Log'!$A$2:$A$131,$A9,'Attacks Log'!$B$2:$B$131,20)&"x / "&TEXT(SUMIFS('Attacks Log'!$C$2:$C$131,'Attacks Log'!$A$2:$A$131,$A9,'Attacks Log'!$B$2:$B$131,20),"#,##0")&"M") -> 2x / 78,271M
A10: SuperBahamas | B10: =IF(COUNTIFS('Attacks Log'!$A$2:$A$131,$A10,'Attacks Log'!$B$2:$B$131,1)=0,"",COUNTIFS('Attacks Log'!$A$2:$A$131,$A10,'Attacks Log'!$B$2:$B$131,1)&"x / "&TEXT(SUMIFS('Attacks Log'!$C$2:$C$131,'Attacks Log'!$A$2:$A$131,$A10,'Attacks Log'!$B$2:$B$131,1),"#,##0")&"M") | C10: =IF(COUNTIFS('Attacks Log'!$A$2:$A$131,$A10,'Attacks Log'!$B$2:$B$131,2)=0,"",COUNTIFS('Attacks Log'!$A$2:$A$131,$A10,'Attacks Log'!$B$2:$B$131,2)&"x / "&TEXT(SUMIFS('Attacks Log'!$C$2:$C$131,'Attacks Log'!$A$2:$A$131,$A10,'Attacks Log'!$B$2:$B$131,2),"#,##0")&"M") | D10: =IF(COUNTIFS('Attacks Log'!$A$2:$A$131,$A10,'Attacks Log'!$B$2:$B$131,3)=0,"",COUNTIFS('Attacks Log'!$A$2:$A$131,$A10,'Attacks Log'!$B$2:$B$131,3)&"x / "&TEXT(SUMIFS('Attacks Log'!$C$2:$C$131,'Attacks Log'!$A$2:$A$131,$A10,'Attacks Log'!$B$2:$B$131,3),"#,##0")&"M") | E10: =IF(COUNTIFS('Attacks Log'!$A$2:$A$131,$A10,'Attacks Log'!$B$2:$B$131,4)=0,"",COUNTIFS('Attacks Log'!$A$2:$A$131,$A10,'Attacks Log'!$B$2:$B$131,4)&"x / "&TEXT(SUMIFS('Attacks Log'!$C$2:$C$131,'Attacks Log'!$A$2:$A$131,$A10,'Attacks Log'!$B$2:$B$131,4),"#,##0")&"M") | F10: =IF(COUNTIFS('Attacks Log'!$A$2:$A$131,$A10,'Attacks Log'!$B$2:$B$131,5)=0,"",COUNTIFS('Attacks Log'!$A$2:$A$131,$A10,'Attacks Log'!$B$2:$B$131,5)&"x / "&TEXT(SUMIFS('Attacks Log'!$C$2:$C$131,'Attacks Log'!$A$2:$A$131,$A10,'Attacks Log'!$B$2:$B$131,5),"#,##0")&"M") | G10: =IF(COUNTIFS('Attacks Log'!$A$2:$A$131,$A10,'Attacks Log'!$B$2:$B$131,6)=0,"",COUNTIFS('Attacks Log'!$A$2:$A$131,$A10,'Attacks Log'!$B$2:$B$131,6)&"x / "&TEXT(SUMIFS('Attacks Log'!$C$2:$C$131,'Attacks Log'!$A$2:$A$131,$A10,'Attacks Log'!$B$2:$B$131,6),"#,##0")&"M") | H10: =IF(COUNTIFS('Attacks Log'!$A$2:$A$131,$A10,'Attacks Log'!$B$2:$B$131,7)=0,"",COUNTIFS('Attacks Log'!$A$2:$A$131,$A10,'Attacks Log'!$B$2:$B$131,7)&"x / "&TEXT(SUMIFS('Attacks Log'!$C$2:$C$131,'Attacks Log'!$A$2:$A$131,$A10,'Attacks Log'!$B$2:$B$131,7),"#,##0")&"M") | I10: =IF(COUNTIFS('Attacks Log'!$A$2:$A$131,$A10,'Attacks Log'!$B$2:$B$131,8)=0,"",COUNTIFS('Attacks Log'!$A$2:$A$131,$A10,'Attacks Log'!$B$2:$B$131,8)&"x / "&TEXT(SUMIFS('Attacks Log'!$C$2:$C$131,'Attacks Log'!$A$2:$A$131,$A10,'Attacks Log'!$B$2:$B$131,8),"#,##0")&"M") | J10: =IF(COUNTIFS('Attacks Log'!$A$2:$A$131,$A10,'Attacks Log'!$B$2:$B$131,9)=0,"",COUNTIFS('Attacks Log'!$A$2:$A$131,$A10,'Attacks Log'!$B$2:$B$131,9)&"x / "&TEXT(SUMIFS('Attacks Log'!$C$2:$C$131,'Attacks Log'!$A$2:$A$131,$A10,'Attacks Log'!$B$2:$B$131,9),"#,##0")&"M") | K10: =IF(COUNTIFS('Attacks Log'!$A$2:$A$131,$A10,'Attacks Log'!$B$2:$B$131,10)=0,"",COUNTIFS('Attacks Log'!$A$2:$A$131,$A10,'Attacks Log'!$B$2:$B$131,10)&"x / "&TEXT(SUMIFS('Attacks Log'!$C$2:$C$131,'Attacks Log'!$A$2:$A$131,$A10,'Attacks Log'!$B$2:$B$131,10),"#,##0")&"M") | L10: =IF(COUNTIFS('Attacks Log'!$A$2:$A$131,$A10,'Attacks Log'!$B$2:$B$131,11)=0,"",COUNTIFS('Attacks Log'!$A$2:$A$131,$A10,'Attacks Log'!$B$2:$B$131,11)&"x / "&TEXT(SUMIFS('Attacks Log'!$C$2:$C$131,'Attacks Log'!$A$2:$A$131,$A10,'Attacks Log'!$B$2:$B$131,11),"#,##0")&"M") -> 1x / 31,351M | M10: =IF(COUNTIFS('Attacks Log'!$A$2:$A$131,$A10,'Attacks Log'!$B$2:$B$131,12)=0,"",COUNTIFS('Attacks Log'!$A$2:$A$131,$A10,'Attacks Log'!$B$2:$B$131,12)&"x / "&TEXT(SUMIFS('Attacks Log'!$C$2:$C$131,'Attacks Log'!$A$2:$A$131,$A10,'Attacks Log'!$B$2:$B$131,12),"#,##0")&"M") -> 1x / 32,456M | N10: =IF(COUNTIFS('Attacks Log'!$A$2:$A$131,$A10,'Attacks Log'!$B$2:$B$131,13)=0,"",COUNTIFS('Attacks Log'!$A$2:$A$131,$A10,'Attacks Log'!$B$2:$B$131,13)&"x / "&TEXT(SUMIFS('Attacks Log'!$C$2:$C$131,'Attacks Log'!$A$2:$A$131,$A10,'Attacks Log'!$B$2:$B$131,13),"#,##0")&"M") -> 1x / 58,240M | O10: =IF(COUNTIFS('Attacks Log'!$A$2:$A$131,$A10,'Attacks Log'!$B$2:$B$131,14)=0,"",COUNTIFS('Attacks Log'!$A$2:$A$131,$A10,'Attacks Log'!$B$2:$B$131,14)&"x / "&TEXT(SUMIFS('Attacks Log'!$C$2:$C$131,'Attacks Log'!$A$2:$A$131,$A10,'Attacks Log'!$B$2:$B$131,14),"#,##0")&"M") -> 2x / 73,978M | P10: =IF(COUNTIFS('Attacks Log'!$A$2:$A$131,$A10,'Attacks Log'!$B$2:$B$131,15)=0,"",COUNTIFS('Attacks Log'!$A$2:$A$131,$A10,'Attacks Log'!$B$2:$B$131,15)&"x / "&TEXT(SUMIFS('Attacks Log'!$C$2:$C$131,'Attacks Log'!$A$2:$A$131,$A10,'Attacks Log'!$B$2:$B$131,15),"#,##0")&"M") -> 1x / 33,210M | Q10: =IF(COUNTIFS('Attacks Log'!$A$2:$A$131,$A10,'Attacks Log'!$B$2:$B$131,16)=0,"",COUNTIFS('Attacks Log'!$A$2:$A$131,$A10,'Attacks Log'!$B$2:$B$131,16)&"x / "&TEXT(SUMIFS('Attacks Log'!$C$2:$C$131,'Attacks Log'!$A$2:$A$131,$A10,'Attacks Log'!$B$2:$B$131,16),"#,##0")&"M") -> 1x / 48,506M | R10: =IF(COUNTIFS('Attacks Log'!$A$2:$A$131,$A10,'Attacks Log'!$B$2:$B$131,17)=0,"",COUNTIFS('Attacks Log'!$A$2:$A$131,$A10,'Attacks Log'!$B$2:$B$131,17)&"x / "&TEXT(SUMIFS('Attacks Log'!$C$2:$C$131,'Attacks Log'!$A$2:$A$131,$A10,'Attacks Log'!$B$2:$B$131,17),"#,##0")&"M") -> 1x / 47,637M | S10: =IF(COUNTIFS('Attacks Log'!$A$2:$A$131,$A10,'Attacks Log'!$B$2:$B$131,18)=0,"",COUNTIFS('Attacks Log'!$A$2:$A$131,$A10,'Attacks Log'!$B$2:$B$131,18)&"x / "&TEXT(SUMIFS('Attacks Log'!$C$2:$C$131,'Attacks Log'!$A$2:$A$131,$A10,'Attacks Log'!$B$2:$B$131,18),"#,##0")&"M") -> 2x / 48,381M | T10: =IF(COUNTIFS('Attacks Log'!$A$2:$A$131,$A10,'Attacks Log'!$B$2:$B$131,19)=0,"",COUNTIFS('Attacks Log'!$A$2:$A$131,$A10,'Attacks Log'!$B$2:$B$131,19)&"x / "&TEXT(SUMIFS('Attacks Log'!$C$2:$C$131,'Attacks Log'!$A$2:$A$131,$A10,'Attacks Log'!$B$2:$B$131,19),"#,##0")&"M") -> 2x / 48,610M | U10: =IF(COUNTIFS('Attacks Log'!$A$2:$A$131,$A10,'Attacks Log'!$B$2:$B$131,20)=0,"",COUNTIFS('Attacks Log'!$A$2:$A$131,$A10,'Attacks Log'!$B$2:$B$131,20)&"x / "&TEXT(SUMIFS('Attacks Log'!$C$2:$C$131,'Attacks Log'!$A$2:$A$131,$A10,'Attacks Log'!$B$2:$B$131,20),"#,##0")&"M") -> 1x / 37,871M
A11: LCN.Kim | B11: =IF(COUNTIFS('Attacks Log'!$A$2:$A$131,$A11,'Attacks Log'!$B$2:$B$131,1)=0,"",COUNTIFS('Attacks Log'!$A$2:$A$131,$A11,'Attacks Log'!$B$2:$B$131,1)&"x / "&TEXT(SUMIFS('Attacks Log'!$C$2:$C$131,'Attacks Log'!$A$2:$A$131,$A11,'Attacks Log'!$B$2:$B$131,1),"#,##0")&"M") | C11: =IF(COUNTIFS('Attacks Log'!$A$2:$A$131,$A11,'Attacks Log'!$B$2:$B$131,2)=0,"",COUNTIFS('Attacks Log'!$A$2:$A$131,$A11,'Attacks Log'!$B$2:$B$131,2)&"x / "&TEXT(SUMIFS('Attacks Log'!$C$2:$C$131,'Attacks Log'!$A$2:$A$131,$A11,'Attacks Log'!$B$2:$B$131,2),"#,##0")&"M") | D11: =IF(COUNTIFS('Attacks Log'!$A$2:$A$131,$A11,'Attacks Log'!$B$2:$B$131,3)=0,"",COUNTIFS('Attacks Log'!$A$2:$A$131,$A11,'Attacks Log'!$B$2:$B$131,3)&"x / "&TEXT(SUMIFS('Attacks Log'!$C$2:$C$131,'Attacks Log'!$A$2:$A$131,$A11,'Attacks Log'!$B$2:$B$131,3),"#,##0")&"M") | E11: =IF(COUNTIFS('Attacks Log'!$A$2:$A$131,$A11,'Attacks Log'!$B$2:$B$131,4)=0,"",COUNTIFS('Attacks Log'!$A$2:$A$131,$A11,'Attacks Log'!$B$2:$B$131,4)&"x / "&TEXT(SUMIFS('Attacks Log'!$C$2:$C$131,'Attacks Log'!$A$2:$A$131,$A11,'Attacks Log'!$B$2:$B$131,4),"#,##0")&"M") | F11: =IF(COUNTIFS('Attacks Log'!$A$2:$A$131,$A11,'Attacks Log'!$B$2:$B$131,5)=0,"",COUNTIFS('Attacks Log'!$A$2:$A$131,$A11,'Attacks Log'!$B$2:$B$131,5)&"x / "&TEXT(SUMIFS('Attacks Log'!$C$2:$C$131,'Attacks Log'!$A$2:$A$131,$A11,'Attacks Log'!$B$2:$B$131,5),"#,##0")&"M") | G11: =IF(COUNTIFS('Attacks Log'!$A$2:$A$131,$A11,'Attacks Log'!$B$2:$B$131,6)=0,"",COUNTIFS('Attacks Log'!$A$2:$A$131,$A11,'Attacks Log'!$B$2:$B$131,6)&"x / "&TEXT(SUMIFS('Attacks Log'!$C$2:$C$131,'Attacks Log'!$A$2:$A$131,$A11,'Attacks Log'!$B$2:$B$131,6),"#,##0")&"M") | H11: =IF(COUNTIFS('Attacks Log'!$A$2:$A$131,$A11,'Attacks Log'!$B$2:$B$131,7)=0,"",COUNTIFS('Attacks Log'!$A$2:$A$131,$A11,'Attacks Log'!$B$2:$B$131,7)&"x / "&TEXT(SUMIFS('Attacks Log'!$C$2:$C$131,'Attacks Log'!$A$2:$A$131,$A11,'Attacks Log'!$B$2:$B$131,7),"#,##0")&"M") | I11: =IF(COUNTIFS('Attacks Log'!$A$2:$A$131,$A11,'Attacks Log'!$B$2:$B$131,8)=0,"",COUNTIFS('Attacks Log'!$A$2:$A$131,$A11,'Attacks Log'!$B$2:$B$131,8)&"x / "&TEXT(SUMIFS('Attacks Log'!$C$2:$C$131,'Attacks Log'!$A$2:$A$131,$A11,'Attacks Log'!$B$2:$B$131,8),"#,##0")&"M") | J11: =IF(COUNTIFS('Attacks Log'!$A$2:$A$131,$A11,'Attacks Log'!$B$2:$B$131,9)=0,"",COUNTIFS('Attacks Log'!$A$2:$A$131,$A11,'Attacks Log'!$B$2:$B$131,9)&"x / "&TEXT(SUMIFS('Attacks Log'!$C$2:$C$131,'Attacks Log'!$A$2:$A$131,$A11,'Attacks Log'!$B$2:$B$131,9),"#,##0")&"M") | K11: =IF(COUNTIFS('Attacks Log'!$A$2:$A$131,$A11,'Attacks Log'!$B$2:$B$131,10)=0,"",COUNTIFS('Attacks Log'!$A$2:$A$131,$A11,'Attacks Log'!$B$2:$B$131,10)&"x / "&TEXT(SUMIFS('Attacks Log'!$C$2:$C$131,'Attacks Log'!$A$2:$A$131,$A11,'Attacks Log'!$B$2:$B$131,10),"#,##0")&"M") | L11: =IF(COUNTIFS('Attacks Log'!$A$2:$A$131,$A11,'Attacks Log'!$B$2:$B$131,11)=0,"",COUNTIFS('Attacks Log'!$A$2:$A$131,$A11,'Attacks Log'!$B$2:$B$131,11)&"x / "&TEXT(SUMIFS('Attacks Log'!$C$2:$C$131,'Attacks Log'!$A$2:$A$131,$A11,'Attacks Log'!$B$2:$B$131,11),"#,##0")&"M") | M11: =IF(COUNTIFS('Attacks Log'!$A$2:$A$131,$A11,'Attacks Log'!$B$2:$B$131,12)=0,"",COUNTIFS('Attacks Log'!$A$2:$A$131,$A11,'Attacks Log'!$B$2:$B$131,12)&"x / "&TEXT(SUMIFS('Attacks Log'!$C$2:$C$131,'Attacks Log'!$A$2:$A$131,$A11,'Attacks Log'!$B$2:$B$131,12),"#,##0")&"M") | N11: =IF(COUNTIFS('Attacks Log'!$A$2:$A$131,$A11,'Attacks Log'!$B$2:$B$131,13)=0,"",COUNTIFS('Attacks Log'!$A$2:$A$131,$A11,'Attacks Log'!$B$2:$B$131,13)&"x / "&TEXT(SUMIFS('Attacks Log'!$C$2:$C$131,'Attacks Log'!$A$2:$A$131,$A11,'Attacks Log'!$B$2:$B$131,13),"#,##0")&"M") | O11: =IF(COUNTIFS('Attacks Log'!$A$2:$A$131,$A11,'Attacks Log'!$B$2:$B$131,14)=0,"",COUNTIFS('Attacks Log'!$A$2:$A$131,$A11,'Attacks Log'!$B$2:$B$131,14)&"x / "&TEXT(SUMIFS('Attacks Log'!$C$2:$C$131,'Attacks Log'!$A$2:$A$131,$A11,'Attacks Log'!$B$2:$B$131,14),"#,##0")&"M") -> 5x / 30,220M | P11: =IF(COUNTIFS('Attacks Log'!$A$2:$A$131,$A11,'Attacks Log'!$B$2:$B$131,15)=0,"",COUNTIFS('Attacks Log'!$A$2:$A$131,$A11,'Attacks Log'!$B$2:$B$131,15)&"x / "&TEXT(SUMIFS('Attacks Log'!$C$2:$C$131,'Attacks Log'!$A$2:$A$131,$A11,'Attacks Log'!$B$2:$B$131,15),"#,##0")&"M") -> 1x / 9,015M | Q11: =IF(COUNTIFS('Attacks Log'!$A$2:$A$131,$A11,'Attacks Log'!$B$2:$B$131,16)=0,"",COUNTIFS('Attacks Log'!$A$2:$A$131,$A11,'Attacks Log'!$B$2:$B$131,16)&"x / "&TEXT(SUMIFS('Attacks Log'!$C$2:$C$131,'Attacks Log'!$A$2:$A$131,$A11,'Attacks Log'!$B$2:$B$131,16),"#,##0")&"M") -> 1x / 10,308M | R11: =IF(COUNTIFS('Attacks Log'!$A$2:$A$131,$A11,'Attacks Log'!$B$2:$B$131,17)=0,"",COUNTIFS('Attacks Log'!$A$2:$A$131,$A11,'Attacks Log'!$B$2:$B$131,17)&"x / "&TEXT(SUMIFS('Attacks Log'!$C$2:$C$131,'Attacks Log'!$A$2:$A$131,$A11,'Attacks Log'!$B$2:$B$131,17),"#,##0")&"M") -> 1x / 8,149M | S11: =IF(COUNTIFS('Attacks Log'!$A$2:$A$131,$A11,'Attacks Log'!$B$2:$B$131,18)=0,"",COUNTIFS('Attacks Log'!$A$2:$A$131,$A11,'Attacks Log'!$B$2:$B$131,18)&"x / "&TEXT(SUMIFS('Attacks Log'!$C$2:$C$131,'Attacks Log'!$A$2:$A$131,$A11,'Attacks Log'!$B$2:$B$131,18),"#,##0")&"M") -> 2x / 17,899M | T11: =IF(COUNTIFS('Attacks Log'!$A$2:$A$131,$A11,'Attacks Log'!$B$2:$B$131,19)=0,"",COUNTIFS('Attacks Log'!$A$2:$A$131,$A11,'Attacks Log'!$B$2:$B$131,19)&"x / "&TEXT(SUMIFS('Attacks Log'!$C$2:$C$131,'Attacks Log'!$A$2:$A$131,$A11,'Attacks Log'!$B$2:$B$131,19),"#,##0")&"M") -> 1x / 7,641M | U11: =IF(COUNTIFS('Attacks Log'!$A$2:$A$131,$A11,'Attacks Log'!$B$2:$B$131,20)=0,"",COUNTIFS('Attacks Log'!$A$2:$A$131,$A11,'Attacks Log'!$B$2:$B$131,20)&"x / "&TEXT(SUMIFS('Attacks Log'!$C$2:$C$131,'Attacks Log'!$A$2:$A$131,$A11,'Attacks Log'!$B$2:$B$131,20),"#,##0")&"M")
